videoId,title,parentId,textDisplay,authorChannelId,authorDisplayName,likeCount,publishedAt,updatedAt
Ct3orGumsLs,ITZY - 'WANNABE' [ENGLISH VERSION] Lyrics [Color Coded_Eng],Ugzqf-a4CGXB5_ggUi54AaABAg,"these lyrics are so empowering to people. ITZY's concept is be yourself, but make it badass",UC5Jm6VXI2p2msvdyvYJCGCQ,iamsaaav,7677,2021-01-22T05:42:41Z,2021-01-22T05:42:41Z
Ct3orGumsLs,ITZY - 'WANNABE' [ENGLISH VERSION] Lyrics [Color Coded_Eng],UgwEVByZbmnhpj9VMpF4AaABAg,"I love Lia's delivery when she says, ""I won't change, I'm loving what I got.""",UCmU4Hx117qBGzkKKvuQpgew,J.,7028,2021-01-22T05:34:42Z,2021-01-22T05:34:42Z
Ct3orGumsLs,ITZY - 'WANNABE' [ENGLISH VERSION] Lyrics [Color Coded_Eng],UgxRWLQZsl71-Wofn6R4AaABAg,Why do I like this English Version even more this is sooooo gooood üò≠‚ù§Ô∏è,UCaZfu4Q54r2mNUrnmwIPAQA,fz~yunho,1739,2021-01-22T05:17:36Z,2021-01-22T05:17:36Z
Ct3orGumsLs,ITZY - 'WANNABE' [ENGLISH VERSION] Lyrics [Color Coded_Eng],UgxnaDVIXhEW4M1EWLt4AaABAg,"‚ÄúWon‚Äôt pretend to be someone I‚Äôm not, yeah I‚Äôll be staying true to myself‚Äù 
*PERIODT SAY IT LOUDER*",UCWHVgSuWCb2LUXEBJ9nwTWQ,Ryujin luv,3021,2021-01-22T07:06:45Z,2021-01-22T07:06:45Z
Ct3orGumsLs,ITZY - 'WANNABE' [ENGLISH VERSION] Lyrics [Color Coded_Eng],UgzEJnESxAe_74nGeJp4AaABAg,*ITZY NEVER DISAPPOINT US AND MIDZY!!*,UCza261yViUTM4ApaFLLgDlw,amirun haikal,3626,2021-01-22T05:18:26Z,2021-01-22T05:18:26Z
Ct3orGumsLs,ITZY - 'WANNABE' [ENGLISH VERSION] Lyrics [Color Coded_Eng],Ugwi0ZJG7dWWtPaqzJZ4AaABAg,"Won't pretend to be someone I'm not I'll be staying true to myself - Yeji
Yes that's why I stan ITZY",UCL1Leo2KPJp30pgCV2dKYnQ,milkbiancakes,3461,2021-01-22T05:35:11Z,2021-01-25T07:24:18Z
Ct3orGumsLs,ITZY - 'WANNABE' [ENGLISH VERSION] Lyrics [Color Coded_Eng],UgzxyfLDk3Vc3jck3914AaABAg,"Idk why but Yuna's ""meaningless opinion"" line got me",UCX--aHKh-AllJg1U3RZhkPA,material gworl,6640,2021-01-22T05:25:10Z,2021-01-28T02:53:54Z
Ct3orGumsLs,ITZY - 'WANNABE' [ENGLISH VERSION] Lyrics [Color Coded_Eng],UgwptXXJQB8e_0Z1HGZ4AaABAg,I love how chaeryeong said ‚Äúinterfering‚Äù but in BOLD,UCYrMsVDD1wGpsX4Rig6VVwg,Blackpink‚Ä¢ Ot4Stan,7358,2021-01-22T05:46:11Z,2021-01-22T05:46:11Z
Ct3orGumsLs,ITZY - 'WANNABE' [ENGLISH VERSION] Lyrics [Color Coded_Eng],Ugx-TAwioTFveD42a5l4AaABAg,LIA'S VOICE IS AMAZING,UCwes8CEg5LtV8PYa_jL3mNQ,Jinniemelon,561,2021-01-22T05:21:04Z,2021-01-22T05:21:04Z
Ct3orGumsLs,ITZY - 'WANNABE' [ENGLISH VERSION] Lyrics [Color Coded_Eng],Ugz2KhISghs5X-UGEJ54AaABAg,This song and their voice would be perfect for a Disney OST with a concept of 5 princesses who want to be free and do what they like.,UCL1Leo2KPJp30pgCV2dKYnQ,milkbiancakes,920,2021-01-22T05:36:49Z,2021-01-22T05:36:49Z
Ct3orGumsLs,ITZY - 'WANNABE' [ENGLISH VERSION] Lyrics [Color Coded_Eng],UgxKlCwnjBl5I8NAP4V4AaABAg,"_I have just two words..._



*THE CHORUS!!!* üò≠üî•üî•",UCzfBNcve3A8tOzH1fmrcpZw,Emil,271,2021-01-22T05:44:10Z,2021-01-22T05:44:10Z
Ct3orGumsLs,ITZY - 'WANNABE' [ENGLISH VERSION] Lyrics [Color Coded_Eng],UgzmjOKoVtVJZAzP8DV4AaABAg,Damn Lia has only few lines but she owning it ENGLISH QUEEN,UCi-duV6E-P8i49KBjSeL3_w,no sana no life,312,2021-01-22T06:55:26Z,2021-01-22T06:55:26Z
Ct3orGumsLs,ITZY - 'WANNABE' [ENGLISH VERSION] Lyrics [Color Coded_Eng],UgxAdCtXV6-2TCCryKF4AaABAg,THIS IS THE BEST ENGLISH VERSION,UCcbhqcmvlpbBX14Er55FH0w,no,696,2021-01-22T05:18:42Z,2021-01-22T05:18:42Z
Ct3orGumsLs,ITZY - 'WANNABE' [ENGLISH VERSION] Lyrics [Color Coded_Eng],UgzF5iWA_cyGxz3zTJJ4AaABAg,1:54 I love how Yeji sang ‚ÄúYeah I‚Äôll be staying true to myself‚Äù,UCwz6T7WhKPUKwHDRYmof-5w,Lil‚Äô Bit,70,2021-01-27T19:17:46Z,2021-01-27T19:19:24Z
Ct3orGumsLs,ITZY - 'WANNABE' [ENGLISH VERSION] Lyrics [Color Coded_Eng],UgzfMDlt_bIfSkugtEd4AaABAg,I like how all of their title tracks eng version is not awkward it so lit ‚ú®,UClxZtrRMQAysejPA3XgMqiA,brat shy,182,2021-01-22T05:40:30Z,2021-01-22T05:40:30Z
Ct3orGumsLs,ITZY - 'WANNABE' [ENGLISH VERSION] Lyrics [Color Coded_Eng],Ugx7fSBJWdGvRPa5M194AaABAg,"Tbh, ITZY have the best lyrics and concept among girl groups out there. They have been constantly emphasizing about self love and empowerment. I'm so glad they turn this to english vers. so they can cater more people with their meaningful song. üíú",UC3xaujvgj_IXDn6S1JRx2kw,Ecyoj,58,2021-01-23T15:40:28Z,2021-01-23T15:40:28Z
Ct3orGumsLs,ITZY - 'WANNABE' [ENGLISH VERSION] Lyrics [Color Coded_Eng],UgxiGNoZGn9-chAkwfd4AaABAg,THE  ENGLISH LYRICS HITS DIFFERENT YALL...NOT ONLY THIS SONG BUT ALL OH THEMüò∂üò≥üò≥...I'm left speechless...oooh I feel the haters burning thouüòÇ,UCbDJ4kY3OU4x1DDTd45sVqg,Dharshini V E,476,2021-01-22T05:51:15Z,2021-01-22T05:51:15Z
Ct3orGumsLs,ITZY - 'WANNABE' [ENGLISH VERSION] Lyrics [Color Coded_Eng],UgzASpQyT3mx6LJbdWB4AaABAg,"I think most Kpop songs' English versions are more straightforward, like u can barely see any metaphors or slangs or indirect lyrics like originally English songs. And some parts just sound so awkward, the number of syllables in the translated lines didn't match up that resulted to some rushed words or some just have some pauses to fill out the missing syllables. And some lyrics or terms just sound so cringe for a song",UCqqQ3_CPqC1vIQx6sGnfWcw,Sung Jin-Woo,4569,2021-01-22T05:21:17Z,2021-01-23T17:29:00Z
Ct3orGumsLs,ITZY - 'WANNABE' [ENGLISH VERSION] Lyrics [Color Coded_Eng],Ugz0WTsBFfjYRI0KpDx4AaABAg,"They sang it like it's their native language and Lia's voice üòª, Shin Ryujin's cool voice and the rest of the members lifting up your self-esteem",UCfs76OgYx3BeyDmROecZh6Q,Joy Animation,84,2021-01-23T03:12:09Z,2021-01-23T03:12:09Z
Ct3orGumsLs,ITZY - 'WANNABE' [ENGLISH VERSION] Lyrics [Color Coded_Eng],UgxnNdDSa4NqrwaCDfN4AaABAg,"Yeji's ""BIG GIRL DECISIONS"" has me crying! It sounds like something I would say üò≠",UCGpDqddZSDRrg7bgHU8Tk7w,ohnoitswono,37,2021-11-06T22:34:10Z,2021-11-06T22:34:10Z
Ct3orGumsLs,ITZY - 'WANNABE' [ENGLISH VERSION] Lyrics [Color Coded_Eng],UgwC0sV_CtwLB0urVlx4AaABAg,YEJI‚ÄôS VOICE:  A BLESSING FOR HUMAN EARS,UCjVvJXEBJWlbbFKz_v8BxaQ,ica,54,2021-01-23T01:50:55Z,2021-01-23T01:50:55Z
Ct3orGumsLs,ITZY - 'WANNABE' [ENGLISH VERSION] Lyrics [Color Coded_Eng],UgwEq85_WKJWudDrJ1F4AaABAg,"0:57 i love this line üòç This song is so meaningfulü•∫

ITZY never disappoints usüíñ",UCnprSt7wnprfUMfp_fvPLeg,Shiela Sore√±o,14,2021-01-23T03:06:13Z,2021-01-23T03:06:13Z
Ct3orGumsLs,ITZY - 'WANNABE' [ENGLISH VERSION] Lyrics [Color Coded_Eng],UgwNWAVNJxWkyGm6CWN4AaABAg,I usually find these ‚Äúbe yourself‚Äù concepts so cringy but itzy made it amazing and I really love how it‚Äôs badass but also sending a good message. Itzy is one of my fav bands and I‚Äôm really proud of there achievements,UCvLzLKXM8FKmNlbRNnbMk2g,Jisoo‚Äôs Mandu,23,2021-07-16T05:07:55Z,2021-07-16T05:07:55Z
Ct3orGumsLs,ITZY - 'WANNABE' [ENGLISH VERSION] Lyrics [Color Coded_Eng],Ugw-FaSpTXfxHQhYy7J4AaABAg,"When Yeji says;
""They all think that they can be the judge of my life""
I really felt that.",UCEP7FpqSxsWbJlyg8uAIwlQ,JL,35,2021-07-25T02:30:12Z,2021-07-25T02:30:12Z
Ct3orGumsLs,ITZY - 'WANNABE' [ENGLISH VERSION] Lyrics [Color Coded_Eng],UgycsOyTkpptfDq-V_R4AaABAg,I really like the chorus cause it's telling us to be ourself,UCf4yIRnOdBbrPbbLlI8rkjQ,Jennard Misa,130,2021-01-22T05:33:03Z,2021-01-22T05:33:03Z
Ct3orGumsLs,ITZY - 'WANNABE' [ENGLISH VERSION] Lyrics [Color Coded_Eng],UgxDd8kejWGk8V-aMmJ4AaABAg,"Dayum, their English is improving a lot. I also appreciate them actually pronouncing and enunciating their words. Yeji pronounced criticize like üëå",UCBMBhr_BWRih2c1DA9bme-Q,DecentCookieg,15,2021-03-08T02:45:27Z,2021-03-08T02:45:27Z
Ct3orGumsLs,ITZY - 'WANNABE' [ENGLISH VERSION] Lyrics [Color Coded_Eng],UgxMFc7_K5zKNIC6v654AaABAg,"Lia's clean and clear voice
Chaeryoung's soft  voice 
Ryujin's low voice
Yuna's cute voice
Yeji's beautiful voice
PERFECTION",UCtbAtBgGYKMGhy0Ln0vcAuw,Hyoju Kim ÍπÄÌö®Ï£º,19,2021-01-22T14:04:01Z,2021-01-22T14:05:13Z
Ct3orGumsLs,ITZY - 'WANNABE' [ENGLISH VERSION] Lyrics [Color Coded_Eng],UgwdYWo2pShj24Pradp4AaABAg,"Excited for savanna, kendall, kaylee, and mischa to perform this on A2K!!",UCRz6yUPASbqwOpR8YTlOvtA,chaengberry,6,2023-08-13T18:50:17Z,2023-08-13T18:50:17Z
Ct3orGumsLs,ITZY - 'WANNABE' [ENGLISH VERSION] Lyrics [Color Coded_Eng],Ugw0vNodpqNmZpZLuNR4AaABAg,ITZY's concept is literally changing people's lives by telling them to love themselves! Thank you for teaching me to love myself ITZY! Love you!,UCTLk1079RA_5-YLlp74-aQw,Crys‚ô°,18,2021-05-19T04:26:03Z,2021-05-19T04:26:03Z
Ct3orGumsLs,ITZY - 'WANNABE' [ENGLISH VERSION] Lyrics [Color Coded_Eng],UgwR-2zvrC_bU_IJIZF4AaABAg,Wannabe and icy are my fave because of how savage the lyrics are.,UCAmv2WszpmdlibHOREKEDRA,iiCopyCatz's Stuff,175,2021-01-22T05:52:43Z,2021-01-22T05:52:43Z
Ct3orGumsLs,ITZY - 'WANNABE' [ENGLISH VERSION] Lyrics [Color Coded_Eng],Ugw-D6TUH16WQ7nWr-d4AaABAg,Geez Ryujin sounds so fluent in English her lines genuinely make her sound American ü§©ü§©,UCHf2TeS_WjsGr-9LNgzPL9w,Joseph Kinito,65,2021-01-22T14:16:09Z,2021-01-22T14:16:09Z
Ct3orGumsLs,ITZY - 'WANNABE' [ENGLISH VERSION] Lyrics [Color Coded_Eng],Ugx_RUtsKgyaEHByxJx4AaABAg,why does this have better production than not shy engver,UC2QQ0RTTBAZaJOGj-rTOImw,Pirate Myoui,1148,2021-01-22T05:38:08Z,2021-01-22T05:38:08Z
Ct3orGumsLs,ITZY - 'WANNABE' [ENGLISH VERSION] Lyrics [Color Coded_Eng],UgwRYkrNpkVylilLYwp4AaABAg,Wow....this actually slaps fucking hard.,UCpSbb5pOi1yX_SAmlz7T4HA,Daniel Bell,837,2021-01-22T05:24:58Z,2021-01-22T05:24:58Z
Ct3orGumsLs,ITZY - 'WANNABE' [ENGLISH VERSION] Lyrics [Color Coded_Eng],Ugz_48aNoLsSbguLZ6t4AaABAg,LIA'S ENGLISH ACCENT AND HER VOICE JUST A MASTERPIECE üòçüòçüòç,UCKfeXKzt0ZUUAqFGqQZy98A,Salsabila Anwar,30,2021-01-22T06:14:17Z,2021-01-22T06:14:17Z
Ct3orGumsLs,ITZY - 'WANNABE' [ENGLISH VERSION] Lyrics [Color Coded_Eng],UgznuIM2--PByTnu5zh4AaABAg,"This is just  a MASTERPIECE.
Everyone is slaying and they're so talented ,but I love specially Lia and Yuna's voices.. ..They are soo sweet and cute‚ù§",UChHgCh1EcSUfTqEemTjQBSQ,Pilar,11,2021-01-22T20:57:57Z,2021-08-02T13:15:13Z
Ct3orGumsLs,ITZY - 'WANNABE' [ENGLISH VERSION] Lyrics [Color Coded_Eng],UgxRkuYqzUAxvTk2POt4AaABAg,"Out of all the four songs, Wannabe's english version is the smoothest. No awkward parts.",UCnbFeT9i24SuTQk2UUGZrjg,BBH Daily,95,2021-01-24T04:23:56Z,2021-01-24T04:23:56Z
Ct3orGumsLs,ITZY - 'WANNABE' [ENGLISH VERSION] Lyrics [Color Coded_Eng],UgxVsMYObPIWm30d0GR4AaABAg,"""cause good girls always finish last"" say it louder yuna",UCAfxvurXZjA39UuiMq3ve8A,bbyningyz,714,2021-01-22T06:20:03Z,2021-01-22T06:20:03Z
Ct3orGumsLs,ITZY - 'WANNABE' [ENGLISH VERSION] Lyrics [Color Coded_Eng],UgzLtG8Age_WaVqAKIZ4AaABAg,And I thought I couldn‚Äôt LOVE this song more. BOIII WAS I WRONG. This english ver completed my life. Da gurls‚Äô english pronounciation is SPOT ONN and da delivery and their voices is just *chef‚Äôs kissüëåüèªüëåüèª,UCtJIxF6j6u2zXj0w8ecZolA,Hyunjin‚Äôs Kookiejar,1,2021-01-28T02:04:56Z,2021-01-28T02:04:56Z
Ct3orGumsLs,ITZY - 'WANNABE' [ENGLISH VERSION] Lyrics [Color Coded_Eng],UgxkG5JQZQwcanetMLR4AaABAg,Ryujin‚Äôs rap üî• she is so cool,UC_2Y_PU7zEyktogXZ_5vrhA,Red Sun,90,2021-01-22T06:09:40Z,2021-01-22T06:09:40Z
Ct3orGumsLs,ITZY - 'WANNABE' [ENGLISH VERSION] Lyrics [Color Coded_Eng],UgzMGJy3fOESRCaR2gV4AaABAg,"Oh my god, ‚Äúbig girl decision‚Äù sounds so dope.",UCqbi3Ce-BXuZQ5AZvS5eWlg,kimchi nariran,217,2021-01-22T06:03:38Z,2021-01-22T06:03:38Z
Ct3orGumsLs,ITZY - 'WANNABE' [ENGLISH VERSION] Lyrics [Color Coded_Eng],Ugx71UzRqgmudHqHpRF4AaABAg,I STG THIS KPOP GROUP HAS THE BEST ENGLISH COVERS SLAY QUEENS üëèüëè,UCgzq-aR_s6DEdodZxbDTSbg,venti latte‡≠®,3,2021-07-28T04:41:02Z,2021-07-28T04:41:02Z
Ct3orGumsLs,ITZY - 'WANNABE' [ENGLISH VERSION] Lyrics [Color Coded_Eng],UgylC5wd6a3DXonc4Ex4AaABAg,"*I'm in love with Yeji's ""They all think that they can be the judge of my life""*",UCdiecUdqHLlOZspRahkhZkA,Tuana cp,25,2021-02-04T16:57:03Z,2021-02-04T16:57:03Z
Ct3orGumsLs,ITZY - 'WANNABE' [ENGLISH VERSION] Lyrics [Color Coded_Eng],UgwulySAV90P6sl1P914AaABAg,"[Verse 1: Ryujin, Yeji] 
You're nagging non-stop 
But I‚Äôm my own boss 
Gotta let me work it out for myself 
Don't need your guidance 
I do what I wanna 
Just leave me to own my own mistakes 
And let me breathe, I need a little freedom 
To make big girl decisions 

[Pre-Chorus: Yuna, Chaeryeong] 
I'm so bad, bad 
I‚Äôma get all I can get 
'Cause good girls always finish last 
I'm done with trying to please somebody else 
I'm just on my way 
Don't need you in my space 
Sorry if I let it slip but 
I don't care what you say 

[Chorus: Yeji, Yuna, Lia, Chaeryeong] 
Won't pretend to be someone I'm not 
Yeah I‚Äôll be staying true to myself 
I wanna be me, me, me 
I won‚Äôt change, I'm loving what I got 
‚ÄôCause I know I'm perfect just the way I am 
I wanna be me, me, me 

[Post-Chorus: Yeji, Chaeryeong, Lia, Yuna] 
I don't wanna be somebody 
Just wanna be me, be me 
I wanna be me, me, me 
I don't wanna be somebody 
Just wanna be me, be me 
I wanna be me, me, me 

[Verse 2: Ryujin, Chaeryeong, Lia] 
(Action) 
Errbody, errbody, errbody teaching me (All eyes on me) 
Gotta do this and that, always interfering (Don‚Äôt touch me) 
Ah yeah, yeah yeah, yeah, yeah 
Got flaws, so take it or leave it 
I'ma do my thang, just do your thang 
'Cause I'm the one and only 

[Pre-Chorus: Yeji, Yuna, Lia] 
They all think that they can be the judge of my life (La, la, la) 
Nothing else to do but pick apart, criticize (La, la, la) 
Sorry, I ain't got time for your meaningless opinions 
It's none of your business, I do my own business 

[Chorus: Yeji, Chaeryeong, Lia, Yuna] 
Won't pretend to be someone I'm not 
Yeah, I'll be staying true to myself 
I wanna be me, me, me 
I won't change, I'm loving what I got 
'Cause I know I'm perfect just the way I am 
I wanna be me, me, me 

[Bridge: Ryujin, Yeji] 
Hey! Hey! 
No matter if you love me or hate me 
Hey! Hey! 
I wanna be me, one and only me 
If you feel me, turn this beat up! 
I wanna be me, me, me 

[Chorus: Yeji, Yuna, Lia, Chaeryeong] 
Won't pretend to be someone I'm not 
Yeah I'll be staying true to myself 
I wanna be me, me, me 
I won't change, I'm loving what I got 
'Cause I know I'm perfect just the way I am 
I wanna be me, me, me 

[Post-Chorus: Lia, Yuna, Yeji, Ryujin] 
I don't wanna be somebody 
Just wanna be me, be me 
I wanna be me, me, me 
I don't wanna be somebody 
Just wanna be me, be me 
I wanna be me, me, me",UCERa-9maQ4Dbfz2Ow30QuQA,Winter,8,2022-01-25T06:46:30Z,2022-01-25T06:46:30Z
Ct3orGumsLs,ITZY - 'WANNABE' [ENGLISH VERSION] Lyrics [Color Coded_Eng],UgyIok9j2kt-CFXrrzB4AaABAg,I love all Itzy's song lyrics. So meaningful ‚ù§Ô∏è‚ù§Ô∏è‚ù§Ô∏è,UCgZFYS108mxyx_TTtAafUXA,A K Z,1,2021-01-23T19:17:06Z,2021-01-23T19:17:17Z
Ct3orGumsLs,ITZY - 'WANNABE' [ENGLISH VERSION] Lyrics [Color Coded_Eng],UgwHvUJ3idz5x29QGBx4AaABAg,"I usually don't like English versions because the lyrics don't make sense..
But this piece of ART is just ‚ú®perfect ‚ú®
It sticks to the original concept,makes sense and doesn't sound awkward",UCznch9HAwkI6TqW1LuaHT1Q,MS,12,2021-01-22T10:23:31Z,2021-01-22T10:23:31Z
Ct3orGumsLs,ITZY - 'WANNABE' [ENGLISH VERSION] Lyrics [Color Coded_Eng],Ugy5MBOY2JPLGhCPOOV4AaABAg,This is probably the best English versions of a Korean song bc it doesn‚Äôt sound too awkward or forced. It‚Äôs actually really good!!,UCV2FyCfDPc474JnTFcLfyeQ,Fatou Fofana,13,2021-01-22T16:19:27Z,2021-01-22T16:19:27Z
Ct3orGumsLs,ITZY - 'WANNABE' [ENGLISH VERSION] Lyrics [Color Coded_Eng],UgxlMTySKgY-e2b_wZx4AaABAg,Not a midzy but their choreography and song just kill it !!..,UCoT6M_DUlsOOcnqaKk6ZpYQ,bangtan's army,1,2022-05-10T07:55:01Z,2022-05-10T07:55:01Z
Ct3orGumsLs,ITZY - 'WANNABE' [ENGLISH VERSION] Lyrics [Color Coded_Eng],UgwYWKWqI4e8bp4M4Hl4AaABAg,"Love it when Yeji  say "" They all think that they can be the judge of my life Nothing else to do but pick a part, criticize"" . Like that part  got me üòòü•∞",UC_7YWrIVhfcTzpV85RkfbKA,Winter cutie pie,11,2021-02-01T16:26:52Z,2021-02-01T16:26:52Z
Ct3orGumsLs,ITZY - 'WANNABE' [ENGLISH VERSION] Lyrics [Color Coded_Eng],Ugwu7xOFo8D-Aqi-Pvd4AaABAg,ITZY concepts are way more unique than other groups they didn't make a love song about boys or breakup instead they made a love song with swag and being yourself concept and they deserve a lot.,UC3ZM40AWYO1sjXKsMPc7NBw,10 S,6,2021-10-21T11:28:50Z,2021-10-21T11:28:50Z
Ct3orGumsLs,ITZY - 'WANNABE' [ENGLISH VERSION] Lyrics [Color Coded_Eng],Ugz_Y6fNg9Z-tv2_ehl4AaABAg,THESE LYRICS ARE JUST SO EMPOWERING,UCb1KCxKt2UWBKIiE8tOkVxw,a,5,2021-03-11T12:27:05Z,2021-03-11T12:27:05Z
Ct3orGumsLs,ITZY - 'WANNABE' [ENGLISH VERSION] Lyrics [Color Coded_Eng],UgwUazZyL5zWsSD4xc54AaABAg,I love The way Ryujin says ‚ÄúGuidance‚Äù in the first part,UCSrNXUksY2bOqqrhfq1KF_Q,‚Ä¢Gacha Linda‚Ä¢,5,2021-11-05T05:55:40Z,2021-11-05T05:55:40Z
Ct3orGumsLs,ITZY - 'WANNABE' [ENGLISH VERSION] Lyrics [Color Coded_Eng],UgxAQGImRGYr4zYMnr14AaABAg,Wow the lyrics so savage,UC3Dc2GzYIrmPmXuIzONvlsg,andy,761,2021-01-22T05:17:22Z,2021-01-22T05:17:22Z
Ct3orGumsLs,ITZY - 'WANNABE' [ENGLISH VERSION] Lyrics [Color Coded_Eng],UgwF59WX2op4PJsa6Vl4AaABAg,"Ryujin and Chaeryeong's rap part is killing me üòå‚úåÔ∏è
1:22 - 1:38",UC6VhbqhfsBms3BYf-Aj3RgQ,Elif -,36,2021-01-22T12:31:56Z,2021-01-22T12:33:49Z
Ct3orGumsLs,ITZY - 'WANNABE' [ENGLISH VERSION] Lyrics [Color Coded_Eng],UgwXZCSxlk5Lww7sGs14AaABAg,the lyrics are wild,UCN1Tzr1c9zsWlFGa43RFz0A,enceladus,527,2021-01-22T05:19:21Z,2021-01-22T05:19:21Z
Ct3orGumsLs,ITZY - 'WANNABE' [ENGLISH VERSION] Lyrics [Color Coded_Eng],UgyC6sTdPuvVk2nv4Sl4AaABAg,I like the generations of kpop idols interact in their international fans we always love you itzy,UCXe1MoGB-k6oqUSwytJZmxQ,Virtual Gamex,8,2021-02-02T09:19:33Z,2021-02-02T09:19:33Z
Ct3orGumsLs,ITZY - 'WANNABE' [ENGLISH VERSION] Lyrics [Color Coded_Eng],UgyN6SXsBLho7V0Q_hV4AaABAg,Okay but hearing the lyrics in English really shows the message ITZY is trying to put out there üëèüëèüëè,UC1HckqiBVYshVLdCRwwOBMw,Joshua Arguelles,7,2021-01-24T22:35:11Z,2021-01-24T22:35:11Z
Ct3orGumsLs,ITZY - 'WANNABE' [ENGLISH VERSION] Lyrics [Color Coded_Eng],UgxNMcaXIIYAu1MF9S94AaABAg,itzy never disappoints,UCiTiCmJbHVMI4mPKpQIIRTw,s e v oüê∞,1,2023-09-15T17:24:23Z,2023-09-15T17:24:23Z
Ct3orGumsLs,ITZY - 'WANNABE' [ENGLISH VERSION] Lyrics [Color Coded_Eng],UgxppPKYpigQjZi2d4p4AaABAg,Can we appreciate queen yeji‚Äôs English? Like her accent is legit perfect. ‚ÄúEnglish is abt confidence‚Äù mhm,UCiG64FXKzjKFq1piOXOAiSg,Yewon Choi,35,2021-01-24T18:12:56Z,2021-01-24T18:12:56Z
Ct3orGumsLs,ITZY - 'WANNABE' [ENGLISH VERSION] Lyrics [Color Coded_Eng],UgzR63KcJYGAwNiM6cp4AaABAg,After two lines I'm screaming the lyrics are so good.,UChQ_-kmUOY5ZGzzO0EzEZyw,Krystal VF,1,2023-06-28T18:57:28Z,2023-06-28T18:57:28Z
Ct3orGumsLs,ITZY - 'WANNABE' [ENGLISH VERSION] Lyrics [Color Coded_Eng],UgxiSFP_6efWiS3Xhup4AaABAg,The translation is so smooth! No awkward moments! Love it,UCBaapt1jJmgBQeMgi2zpqvw,Edi Nem,0,2021-01-22T16:11:25Z,2021-01-22T16:11:25Z
Ct3orGumsLs,ITZY - 'WANNABE' [ENGLISH VERSION] Lyrics [Color Coded_Eng],UgxPHu4GXsyFipoGRAt4AaABAg,"""They all think they can be the judge of my life""....................ahh!!!!!!so perfect!!!proud to be a midzy. Their english pronunciations are really wowww...........",UCt2VU3ZJgVk1crufPWJS3zg,LoVe_YoUrSeLf,5,2021-07-02T06:40:36Z,2021-07-02T06:40:36Z
Ct3orGumsLs,ITZY - 'WANNABE' [ENGLISH VERSION] Lyrics [Color Coded_Eng],UgxFhpxKNhbyotF3Hwt4AaABAg,"You know this is such a motivational song with pop as I loved it I wanna be me me me i loved this line as nowadays we all compare ourselves to someone who is better then us but i think we all are individually special and whenever i feel down about my physical body i always listen this  song üòä 

Best motivating song üåü",UCY9ahtiVN1Qze8RtCCBHgKQ,My Rabbits,3,2021-10-03T10:42:18Z,2021-10-03T10:42:18Z
Ct3orGumsLs,ITZY - 'WANNABE' [ENGLISH VERSION] Lyrics [Color Coded_Eng],UgwSmXXKLLgvzyhqBX94AaABAg,Love this english ver so much! Wow! ITZY never disappoint me‚ù§,UCUlcfG6UYWcAMA-Nev1X2Cg,Christina Jeon,0,2021-01-22T18:04:07Z,2021-01-22T18:04:07Z
Ct3orGumsLs,ITZY - 'WANNABE' [ENGLISH VERSION] Lyrics [Color Coded_Eng],Ugwl4kX_68dtOnbytGt4AaABAg,"When I think Ryujin part in the Korean version of Wannabe are legendary enough..


Then this came out and just had me choked on air",UC7OZ5a0V4BnTuZW7rnmN2Qw,Farah,40,2021-01-22T16:45:48Z,2021-01-22T16:45:48Z
Ct3orGumsLs,ITZY - 'WANNABE' [ENGLISH VERSION] Lyrics [Color Coded_Eng],Ugygy5_E-JY55JGBagh4AaABAg,"These songs have such a good message attached to them, I'm so happy they decided to make english versions.",UCuFRSG3uXQ4NNk6aLeT1GpQ,Rowan,3,2021-01-22T15:30:29Z,2021-01-22T15:30:29Z
Ct3orGumsLs,ITZY - 'WANNABE' [ENGLISH VERSION] Lyrics [Color Coded_Eng],UgxfDS1zxYiTgNNOYnZ4AaABAg,I could cryyyy i love this song so much! omg I can't believe they blessed their international fans too with this! <3,UCJC-TsIt6hwxxH852C071TA,Fun Jonny,3,2021-01-22T16:38:22Z,2021-01-22T16:38:22Z
Ct3orGumsLs,ITZY - 'WANNABE' [ENGLISH VERSION] Lyrics [Color Coded_Eng],Ugysbvfdrv4Q9X_nSJN4AaABAg,"Damn, the lyricists really slayed",UCWpyF2KkHz-lbZIhzrKiW_g,jupiter 9,7,2021-01-22T17:04:03Z,2021-01-22T17:04:03Z
Ct3orGumsLs,ITZY - 'WANNABE' [ENGLISH VERSION] Lyrics [Color Coded_Eng],Ugzn67TP27cZRSZ_S154AaABAg,I love the English version even more,UCm61Qp6fNg1D5Ao9KDU9v8Q,Sunny girl ‚òÄÔ∏èüíï,3,2023-09-04T00:19:47Z,2023-09-04T00:20:04Z
Ct3orGumsLs,ITZY - 'WANNABE' [ENGLISH VERSION] Lyrics [Color Coded_Eng],UgxjLdTg4CvPhoG_gbF4AaABAg,0:23 I love the pronunciation of Ryuji‚Äôs ‚Äúguidance‚Äù it‚Äôs powerful and cool.üòé,UC0FPrDHdGtYsXgL8KPpwwGw,yoru *,5,2021-04-04T11:49:40Z,2021-04-04T11:49:40Z
Ct3orGumsLs,ITZY - 'WANNABE' [ENGLISH VERSION] Lyrics [Color Coded_Eng],UgxAY0o-we1cdsQsyhJ4AaABAg,"Itzy is the reason why I'm loving myself rn, and bcs of them I'm getting strong that's why I will always Stan them no matter what ‚ù§Ô∏è",UCmveQkQEVk0gJzvXXxjObDg,Luna,3,2022-05-03T05:13:20Z,2022-05-03T05:13:20Z
Ct3orGumsLs,ITZY - 'WANNABE' [ENGLISH VERSION] Lyrics [Color Coded_Eng],UgxJT8-xv_n3noE0e6x4AaABAg,I love this! It's so empowering!!! This is now one of my favorite Kpop song English versions alongside Bad Boy by Red Velvet and The Boys by Girls' Generation  üíñ,UC4g4EhRHG6aFiSlYB8Pru5g,mimosa pudica,0,2022-03-01T06:52:12Z,2022-03-01T06:52:12Z
Ct3orGumsLs,ITZY - 'WANNABE' [ENGLISH VERSION] Lyrics [Color Coded_Eng],UgxZq3MQ6MKaHCym3o54AaABAg,"I love the part of Ryujin ""no matter if you love me or hate me"". This song is a direct SLAP for HATERS",UCL0nzImyScAsYqOUH_fNHtA,JEON MISO,5,2021-10-26T16:49:10Z,2021-10-26T16:49:10Z
Ct3orGumsLs,ITZY - 'WANNABE' [ENGLISH VERSION] Lyrics [Color Coded_Eng],Ugw3yh7uWQAcCAxuNMR4AaABAg,It's amazing how they translate the original lyrics into a cohesive English language narrative but still manage to keep the words sounding phonetically similar to the original Korean words....,UC6WLNIHFFo3QtDmt60fyZ_g,MOVIE HORIZON,25,2021-01-29T04:12:35Z,2021-01-29T04:12:35Z
Ct3orGumsLs,ITZY - 'WANNABE' [ENGLISH VERSION] Lyrics [Color Coded_Eng],UgzrHM7jv1jC1xwuWMt4AaABAg,"This lyrics is soo powerful ‚ù§Ô∏è‚Äçüî•
Itzy remind me I'm perfect just the way I am üòáü•∞.",UCHMEkry0Aaf4xSv4mQPFwRg,Amayra khan,1,2023-01-02T06:28:10Z,2023-01-02T06:28:10Z
Ct3orGumsLs,ITZY - 'WANNABE' [ENGLISH VERSION] Lyrics [Color Coded_Eng],Ugzz1VVzVbkfW2sLVfB4AaABAg,"some songs give off a different vibe or meaning when translated, but this,... its like overcoming a language barrier, the lyrics and meanings still match-up to the beat, tone and message of the song, really well done for ITZY",UCZhPmv3fDk-MGCyu0VI_bpQ,M. HaFiz,1,2021-01-25T15:21:15Z,2021-01-25T15:21:15Z
Ct3orGumsLs,ITZY - 'WANNABE' [ENGLISH VERSION] Lyrics [Color Coded_Eng],UgyQFE-sUXBxSgJd1-d4AaABAg,"I like the what Ryujin say ""i wannabe me one and only me"" i like it it make me melting",UC2l0fEMfd9VASHMGmpchiug,PURPLE BERRY BTS,7,2021-05-10T06:33:57Z,2021-05-10T06:35:00Z
Ct3orGumsLs,ITZY - 'WANNABE' [ENGLISH VERSION] Lyrics [Color Coded_Eng],UgzpAuFUdX32WbiYPql4AaABAg,"Wow English versions of originally Korean songs have really improved over the years! All of itzy‚Äôs English versions are honestly great, like these lyrics??? Yes ma‚Äôam, I am here for it!!!",UCpIRcMPW3VRRwBYtlOBm6gQ,kiijaay,0,2021-01-23T03:58:01Z,2021-01-23T03:58:14Z
Ct3orGumsLs,ITZY - 'WANNABE' [ENGLISH VERSION] Lyrics [Color Coded_Eng],UgwgGIUJxlnGHelURWF4AaABAg,i don‚Äôt usually like eng vers but this slaps omg stan itzy,UCZpW76z3_Kx7k-v703YK0iw,jennifer choi,5,2021-01-22T14:10:28Z,2021-01-22T14:10:33Z
Ct3orGumsLs,ITZY - 'WANNABE' [ENGLISH VERSION] Lyrics [Color Coded_Eng],UgzLLSrkC-1txBZA8oF4AaABAg,"""They all think that they can be the judge of my life. Nothing else to do but pick apart, criticize.""

YESS GURLLLL *SING IT LOUDERRR*",UCPd1vajzhBWELoNYcP85WsA,Mandy Pernz,19,2021-02-02T04:17:37Z,2021-02-02T04:17:37Z
Ct3orGumsLs,ITZY - 'WANNABE' [ENGLISH VERSION] Lyrics [Color Coded_Eng],UgwykvsTCVU0R0iQe2V4AaABAg,Love that the message of the song stands out even more!!! ‚ô•,UCktkn4DYRMXkr9eXI2wukwA,Sip of Chenle's tea,3,2021-01-22T11:17:40Z,2021-01-22T11:17:40Z
Ct3orGumsLs,ITZY - 'WANNABE' [ENGLISH VERSION] Lyrics [Color Coded_Eng],Ugz-IH84xRmXOyanmEx4AaABAg,This deserves to be on radio,UCNX8tGi7ih5iSthttbKoqfQ,lilk1tty,1,2021-01-23T23:04:34Z,2021-01-23T23:04:34Z
Ct3orGumsLs,ITZY - 'WANNABE' [ENGLISH VERSION] Lyrics [Color Coded_Eng],Ugz2oFu0L2yhmGt9MW94AaABAg,"Ofc Lia‚Äôs English pronunciation is perfect, but can we talk about the other members english!? Like they‚Äôre so good!! Their pronunciation is amazingggg and this slaps harddd omg I‚Äôm in love",UCUM5B-L2G6DLMlBijdIlqfA,kat,12,2021-01-23T03:01:48Z,2021-01-23T03:01:48Z
Ct3orGumsLs,ITZY - 'WANNABE' [ENGLISH VERSION] Lyrics [Color Coded_Eng],Ugxj8kcE2nJL8EKpKQ54AaABAg,This song deserves to be on billboard hot 100!,UCuq0nWdtgPO48T_Cg9S_9SA,Eric Zhang,5,2021-01-24T20:54:07Z,2021-01-24T20:54:07Z
Ct3orGumsLs,ITZY - 'WANNABE' [ENGLISH VERSION] Lyrics [Color Coded_Eng],UgzET6_zEMvR3YGSnY14AaABAg,"I gotta say I really liked this version, maybe because it hits hard and I can actually memorize it easily",UCGcYZJD8liZPpDuwkO2guOw,K Uni,3,2021-01-23T02:58:00Z,2021-01-23T02:58:00Z
Ct3orGumsLs,ITZY - 'WANNABE' [ENGLISH VERSION] Lyrics [Color Coded_Eng],Ugw0d_QXH20Gd3kfRYJ4AaABAg,Can we talk about the perfect English pronunciation from all the girls? They all sound fluent,UCeQQH515Obn_5HIZLN_y52g,StanChunghaOrGoHome,8,2021-01-23T12:02:37Z,2021-01-23T12:02:37Z
Ct3orGumsLs,ITZY - 'WANNABE' [ENGLISH VERSION] Lyrics [Color Coded_Eng],UgyTSsdTXMkx0HVxOT54AaABAg,Itzy's song really make me realize I should be myself than being some ideal type that I know im not just to please people. Exactly why im a Midzy. üòîüíï,UCdmfO4wU0f2dNbNqeNocKNA,aryxa. // ceo of jailey supremacy üòçüõê,3,2021-09-26T04:54:29Z,2021-09-26T04:54:29Z
Ct3orGumsLs,ITZY - 'WANNABE' [ENGLISH VERSION] Lyrics [Color Coded_Eng],UgzeHh8vYSa-2PXOBWR4AaABAg,I rlly love the lyrics to Itzy's songs!! They taught me to not care about what others say,UCZ_pGn6xnTI-trCl8RinWnQ,Wony Di Minahal,0,2021-04-29T05:10:34Z,2021-04-29T05:10:34Z
Ct3orGumsLs,ITZY - 'WANNABE' [ENGLISH VERSION] Lyrics [Color Coded_Eng],UgzqywICsZu1xRMEo614AaABAg,Didn't think I could love this song ever more than I already do üòç,UCodYPBybDWIgxnRG8h2r75A,B√©lynda Maniez,1,2021-01-23T18:13:49Z,2021-01-23T18:13:49Z
Ct3orGumsLs,ITZY - 'WANNABE' [ENGLISH VERSION] Lyrics [Color Coded_Eng],UgwPnW339mXM5d__LI54AaABAg,This song hits different bruh.. I'm crying love this song and itzy!! Go midzys!!<3,UCyKlPUL02pP5f2c-s6ZC2OQ,gorgeousmar,5,2021-11-11T18:56:01Z,2021-11-11T18:56:01Z
Ct3orGumsLs,ITZY - 'WANNABE' [ENGLISH VERSION] Lyrics [Color Coded_Eng],Ugwyv-4Y27XgbwBz9nB4AaABAg,definitely one of the best english versions of a song ive heard in a long time. the lyrics flow well and make sense and keep with the original meaning of the song. 10/10,UCsMGl81LVy6bifvpXjCfeng,Elle,1,2021-01-26T21:27:17Z,2021-01-26T21:27:17Z
Ct3orGumsLs,ITZY - 'WANNABE' [ENGLISH VERSION] Lyrics [Color Coded_Eng],UgyN560fVPlxJNVkRhp4AaABAg,not a midzy but the lyrics are dope and lowkey savage i love it üî• this whole slaps,UCQmLnerw4FQDeWKpvgcqsxw,Jamille Ann Villa,27,2021-01-22T06:39:20Z,2021-01-22T06:39:20Z
Ct3orGumsLs,ITZY - 'WANNABE' [ENGLISH VERSION] Lyrics [Color Coded_Eng],UgxxEoZO2nT20BhriaB4AaABAg,the lyrics are so amazing omg i love this,UCyFfZk9f3ttVKliwhz_vSpA,intoxicine,0,2021-01-22T07:10:19Z,2021-01-22T07:10:19Z
Ct3orGumsLs,ITZY - 'WANNABE' [ENGLISH VERSION] Lyrics [Color Coded_Eng],Ugyt29n2xDUh5XAeqOZ4AaABAg,the second verse hit so hard. i love it!,UC1JGH8QXgTrWCInxtgHysJg,elysianzwoo,0,2021-01-22T09:39:32Z,2021-01-22T09:39:32Z
Ct3orGumsLs,ITZY - 'WANNABE' [ENGLISH VERSION] Lyrics [Color Coded_Eng],UgxKeOq98GWJsLGwBAZ4AaABAg,ITZY has the most beautiful and meaningful songs ever,UCnQnEtuTigk5t-45n9wWGeQ,Althea Sumagang,0,2021-04-13T08:46:32Z,2021-04-13T08:46:32Z
Ct3orGumsLs,ITZY - 'WANNABE' [ENGLISH VERSION] Lyrics [Color Coded_Eng],UgxL6mIEsWN5VylTzGZ4AaABAg,Yeji's pronunciation is PURE GOLD üëåüèº‚ú®,UCKR3ACMfLdSdkD36VCR4EHw,Sparkly,0,2021-01-28T01:19:32Z,2021-01-28T01:19:32Z
Ct3orGumsLs,ITZY - 'WANNABE' [ENGLISH VERSION] Lyrics [Color Coded_Eng],UgzHM9SkMU7Z2SMstAh4AaABAg,"Okay but Chaeryeong's ""interfering"" is so addicting. I replayed that part for so many times now",UCDUafJqxkCMlMgxdxyM9ZMQ,_peachyykitty_,7,2021-01-22T10:15:36Z,2021-01-22T10:15:36Z
Ct3orGumsLs,ITZY - 'WANNABE' [ENGLISH VERSION] Lyrics [Color Coded_Eng],UgzRFhfM5PmKhWykHS94AaABAg,Why does ryujin English kill me and yeji oh my god this album killed me their English is amazing,UC4uodtffTXLvbIwwTSymi_g,Danny,14,2021-01-22T16:13:29Z,2021-01-22T16:13:40Z
Ct3orGumsLs,ITZY - 'WANNABE' [ENGLISH VERSION] Lyrics [Color Coded_Eng],Ugz4wcXVAHDf0khIq4J4AaABAg,"The lyrics are so inspiring especially the chorus, STAY TRUE TO URSELF",UCNnjO2LN1J1x1tHUQvcjTcw,fvirylizzete,1,2022-03-16T05:32:15Z,2022-03-16T05:32:35Z
Ct3orGumsLs,ITZY - 'WANNABE' [ENGLISH VERSION] Lyrics [Color Coded_Eng],UgwStSuuK6buWZxdtd14AaABAg,I love this so much! I‚Äôm proud to be a MIZDY üíúü§ç,UCaHOqA_hlbLVRvpnC2gSegQ,beomgyu‚Äôs sand hanitizer,1,2022-03-01T18:59:31Z,2022-03-01T18:59:31Z
Ct3orGumsLs,ITZY - 'WANNABE' [ENGLISH VERSION] Lyrics [Color Coded_Eng],UgwyxcW-J5cDhRBc9hF4AaABAg,SO PROUD OF THEM,UCQ1BVe9vpD2ooB9ljqmHdWg,gingerisnotsus,3,2021-01-22T05:15:49Z,2021-01-22T05:15:49Z
Ct3orGumsLs,ITZY - 'WANNABE' [ENGLISH VERSION] Lyrics [Color Coded_Eng],Ugzqf-a4CGXB5_ggUi54AaABAg.9Io-p4VPpHb9Ipk5Sh8PaC,Right! I can‚Äôt believe people started saying their concept is getting boring when they‚Äôre literally helping people love themselves,'value': 'UC0RCKeQQveeASVTB1vPZnWA',gingerisnotsus,245,2021-01-22T21:54:59Z,2021-01-22T21:54:59Z
Ct3orGumsLs,ITZY - 'WANNABE' [ENGLISH VERSION] Lyrics [Color Coded_Eng],Ugzqf-a4CGXB5_ggUi54AaABAg.9Io-p4VPpHb9IqNx9il1vG,@SHAWTYYEONJUN üåê AND IT WORKS! I feel so confident when listening to itzy. They‚Äôre still young. This message is good for their age and target audience,'value': 'UC5Jm6VXI2p2msvdyvYJCGCQ',gingerisnotsus,163,2021-01-23T03:51:59Z,2021-01-23T03:51:59Z
Ct3orGumsLs,ITZY - 'WANNABE' [ENGLISH VERSION] Lyrics [Color Coded_Eng],Ugzqf-a4CGXB5_ggUi54AaABAg.9Io-p4VPpHb9IqOLxL7N5t,"@iamsaaav right ! Being a 17 year old girl is kinda hard but the only thing that gets me through it is ITZY , TWICE , ATEEZ , SKZ , BTS and more",'value': 'UC0RCKeQQveeASVTB1vPZnWA',gingerisnotsus,91,2021-01-23T03:55:30Z,2021-01-23T03:55:30Z
Ct3orGumsLs,ITZY - 'WANNABE' [ENGLISH VERSION] Lyrics [Color Coded_Eng],Ugzqf-a4CGXB5_ggUi54AaABAg.9Io-p4VPpHb9IqzEZ2osjd,*YASSSSS*,'value': 'UCoVzarI8nCof4yuvIX8EDJA',gingerisnotsus,7,2021-01-23T09:26:33Z,2021-01-23T09:26:33Z
Ct3orGumsLs,ITZY - 'WANNABE' [ENGLISH VERSION] Lyrics [Color Coded_Eng],Ugzqf-a4CGXB5_ggUi54AaABAg.9Io-p4VPpHb9IyIwvfnvj0,"@yunho beary keep practicing and growing! I'm glad these songs are giving you the confidence to become and achieve your dream as an idol. I have the same dream as well and these types of songs really do help me. Ryujin is a good idol to look up to, same with all of itzy. Continue to practice!! you'll get there :))!! hwaiting^^",'value': 'UC5Jm6VXI2p2msvdyvYJCGCQ',gingerisnotsus,15,2021-01-26T05:42:11Z,2023-11-02T19:53:10Z
Ct3orGumsLs,ITZY - 'WANNABE' [ENGLISH VERSION] Lyrics [Color Coded_Eng],UgwEVByZbmnhpj9VMpF4AaABAg.9Inzue3OSVc9Iomw2967_l,Queen!!,'value': 'UC0rSMBqpmUFeya2hD7WpJww',gingerisnotsus,45,2021-01-22T13:00:32Z,2021-01-22T13:00:32Z
Ct3orGumsLs,ITZY - 'WANNABE' [ENGLISH VERSION] Lyrics [Color Coded_Eng],UgwEVByZbmnhpj9VMpF4AaABAg.9Inzue3OSVc9Iq-qOlpFK4,"Yesss, me too",'value': 'UC_wHzQROvAUINGhm-0ahOcg',gingerisnotsus,32,2021-01-23T00:21:21Z,2021-01-23T00:21:21Z
Ct3orGumsLs,ITZY - 'WANNABE' [ENGLISH VERSION] Lyrics [Color Coded_Eng],UgwEVByZbmnhpj9VMpF4AaABAg.9Inzue3OSVc9IrkLBVF52x,Sameee!,'value': 'UCga16hqrvsysiKWy8m0IjLQ',gingerisnotsus,25,2021-01-23T16:35:37Z,2021-01-23T16:35:37Z
Ct3orGumsLs,ITZY - 'WANNABE' [ENGLISH VERSION] Lyrics [Color Coded_Eng],UgwEVByZbmnhpj9VMpF4AaABAg.9Inzue3OSVc9IttVUXhO_n,Yes. Likewise ‚ô°,'value': 'UCxMrQL5oDv2EJxtcUrgBBsw',gingerisnotsus,15,2021-01-24T12:34:09Z,2021-01-24T12:34:09Z
Ct3orGumsLs,ITZY - 'WANNABE' [ENGLISH VERSION] Lyrics [Color Coded_Eng],UgwEVByZbmnhpj9VMpF4AaABAg.9Inzue3OSVc9IvRxa0hPFy,it reminds me of ros√© from blackpink for some reason! just her vocal tone i think,'value': 'UCsS2ACaqj159rqtU9jYEiUA',gingerisnotsus,25,2021-01-25T03:03:12Z,2021-01-25T03:03:12Z
Ct3orGumsLs,ITZY - 'WANNABE' [ENGLISH VERSION] Lyrics [Color Coded_Eng],UgxRWLQZsl71-Wofn6R4AaABAg.9InxxIjL8vn9InyZaXCU_C,Sameee,'value': 'UCSJaiBsxGy2c41WWBW_XH9w',gingerisnotsus,21,2021-01-22T05:22:57Z,2021-01-22T05:22:57Z
Ct3orGumsLs,ITZY - 'WANNABE' [ENGLISH VERSION] Lyrics [Color Coded_Eng],UgxRWLQZsl71-Wofn6R4AaABAg.9InxxIjL8vn9Io-my9ysr-,Ikrr its soo godd ahhhh,'value': 'UCwrRlj6Eies6E6e2YBAeAig',gingerisnotsus,18,2021-01-22T05:42:24Z,2021-01-22T05:42:24Z
Ct3orGumsLs,ITZY - 'WANNABE' [ENGLISH VERSION] Lyrics [Color Coded_Eng],UgxRWLQZsl71-Wofn6R4AaABAg.9InxxIjL8vn9Io6_A20YLN,Maybe it‚Äôs because you can understand what they are saying,'value': 'UCd9VHh7SYgzMFma_1IKvH7A',gingerisnotsus,94,2021-01-22T06:41:41Z,2021-01-22T06:41:41Z
Ct3orGumsLs,ITZY - 'WANNABE' [ENGLISH VERSION] Lyrics [Color Coded_Eng],UgxRWLQZsl71-Wofn6R4AaABAg.9InxxIjL8vn9IpIweEdlzu,Its because you can understand what they are saying,'value': 'UCn_nY-RjOdjZJTxfBm9BzBw',gingerisnotsus,21,2021-01-22T17:48:59Z,2021-01-22T17:48:59Z
Ct3orGumsLs,ITZY - 'WANNABE' [ENGLISH VERSION] Lyrics [Color Coded_Eng],UgxRWLQZsl71-Wofn6R4AaABAg.9InxxIjL8vn9IstdN1CntK,"Same here, the original is awesome but english version is superior, maybe because the lyrics",'value': 'UCP1qRzm45Xklu5bVfdyRe4w',gingerisnotsus,26,2021-01-24T03:16:07Z,2021-01-24T03:16:07Z
Ct3orGumsLs,ITZY - 'WANNABE' [ENGLISH VERSION] Lyrics [Color Coded_Eng],UgxnaDVIXhEW4M1EWLt4AaABAg.9Io9Rp4l6Bs9Sq2hYmmFua,@jusariana stop spamming omg,'value': 'UCX-gm2Va1wtcJqxiTy0M1Gw',gingerisnotsus,5,2021-09-28T14:00:17Z,2021-09-28T14:00:17Z
Ct3orGumsLs,ITZY - 'WANNABE' [ENGLISH VERSION] Lyrics [Color Coded_Eng],UgzEJnESxAe_74nGeJp4AaABAg.9Iny2UkMicC9Io6kYBAMXx,"Ikr, we're served well",'value': 'UCHkawExGLfjrNc2sXOcawgA',gingerisnotsus,18,2021-01-22T06:43:14Z,2021-01-22T06:43:14Z
Ct3orGumsLs,ITZY - 'WANNABE' [ENGLISH VERSION] Lyrics [Color Coded_Eng],UgzEJnESxAe_74nGeJp4AaABAg.9Iny2UkMicC9IoB4nsrr_j,Hahahahhaha!,'value': 'UC08k0kmTV8OiTU4kg03BrPw',gingerisnotsus,4,2021-01-22T07:21:05Z,2021-01-22T07:21:05Z
Ct3orGumsLs,ITZY - 'WANNABE' [ENGLISH VERSION] Lyrics [Color Coded_Eng],UgzEJnESxAe_74nGeJp4AaABAg.9Iny2UkMicC9Ip0cfrARlj,Ikr,'value': 'UCehBMJYKn5YYqgdruOZHXGQ',gingerisnotsus,4,2021-01-22T15:08:58Z,2021-01-22T15:08:58Z
Ct3orGumsLs,ITZY - 'WANNABE' [ENGLISH VERSION] Lyrics [Color Coded_Eng],UgzEJnESxAe_74nGeJp4AaABAg.9Iny2UkMicC9WQs4SwfVxe,Whos midzy,'value': 'UCBtS7l1ElSLMmIrL-XfAJTA',gingerisnotsus,1,2021-12-26T20:04:01Z,2021-12-26T20:04:01Z
Ct3orGumsLs,ITZY - 'WANNABE' [ENGLISH VERSION] Lyrics [Color Coded_Eng],Ugwi0ZJG7dWWtPaqzJZ4AaABAg.9Inzy7zRuaC9IolkNrcrl2,This is the most powerful lyrics in the songüëè,'value': 'UCwrl5WNlm1rcTuq9GRxrYsw',gingerisnotsus,45,2021-01-22T12:50:13Z,2021-01-22T12:50:13Z
Ct3orGumsLs,ITZY - 'WANNABE' [ENGLISH VERSION] Lyrics [Color Coded_Eng],Ugwi0ZJG7dWWtPaqzJZ4AaABAg.9Inzy7zRuaC9Iom8LeIQ3Q,@*I will hit you with BLACKPINK's lightstick* yes!!!,'value': 'UCL1Leo2KPJp30pgCV2dKYnQ',gingerisnotsus,10,2021-01-22T12:53:37Z,2021-01-22T12:53:37Z
Ct3orGumsLs,ITZY - 'WANNABE' [ENGLISH VERSION] Lyrics [Color Coded_Eng],Ugwi0ZJG7dWWtPaqzJZ4AaABAg.9Inzy7zRuaC9JFAWoIeIi3,ARGH THAT LINE HITS HARD‚ú®,'value': 'UCPd1vajzhBWELoNYcP85WsA',gingerisnotsus,8,2021-02-02T04:14:54Z,2021-02-02T04:14:54Z
Ct3orGumsLs,ITZY - 'WANNABE' [ENGLISH VERSION] Lyrics [Color Coded_Eng],Ugwi0ZJG7dWWtPaqzJZ4AaABAg.9Inzy7zRuaC9K4GNPJwldv,üòÇüòÇüòÇüôÇüëè,'value': 'UCEwhIFKqeAL-Ls3IeyiMudA',gingerisnotsus,3,2021-02-22T19:05:48Z,2021-02-22T19:05:48Z
Ct3orGumsLs,ITZY - 'WANNABE' [ENGLISH VERSION] Lyrics [Color Coded_Eng],UgzxyfLDk3Vc3jck3914AaABAg.9InyonsOn4w9Io0yuYJiDF,"She SNAPPED that part, that all I want to say.",'value': 'UCCIDbE9gHOxeMn0xPJauOdQ',gingerisnotsus,264,2021-01-22T05:52:46Z,2021-01-22T05:52:46Z
Ct3orGumsLs,ITZY - 'WANNABE' [ENGLISH VERSION] Lyrics [Color Coded_Eng],UgzxyfLDk3Vc3jck3914AaABAg.9InyonsOn4w9Io6zQgpBSf,"@Si_ Multifandom _ch_  Snapping, ooh, snapping snapping

(Sorry, as a fellow multistan I had to...)",'value': 'UCHkawExGLfjrNc2sXOcawgA',gingerisnotsus,118,2021-01-22T06:45:16Z,2021-01-22T06:45:16Z
Ct3orGumsLs,ITZY - 'WANNABE' [ENGLISH VERSION] Lyrics [Color Coded_Eng],UgzxyfLDk3Vc3jck3914AaABAg.9InyonsOn4w9IoihEgnwAA,I honestly like this lyrics,'value': 'UCGFNw691nE0j4_z7QRPiX4A',gingerisnotsus,35,2021-01-22T12:23:34Z,2021-01-22T12:23:34Z
Ct3orGumsLs,ITZY - 'WANNABE' [ENGLISH VERSION] Lyrics [Color Coded_Eng],UgzxyfLDk3Vc3jck3914AaABAg.9InyonsOn4w9IorWr2FLkz,Wannabe snap the most from all the title tracks,'value': 'UCwrl5WNlm1rcTuq9GRxrYsw',gingerisnotsus,29,2021-01-22T13:40:39Z,2021-01-22T13:40:39Z
Ct3orGumsLs,ITZY - 'WANNABE' [ENGLISH VERSION] Lyrics [Color Coded_Eng],UgzxyfLDk3Vc3jck3914AaABAg.9InyonsOn4w9IoxqarhkkG,This lines gives me gooseboomps,'value': 'UCx0kdnP60b5CdlsVMzxiKRQ',gingerisnotsus,9,2021-01-22T14:35:55Z,2021-01-22T14:35:55Z
Ct3orGumsLs,ITZY - 'WANNABE' [ENGLISH VERSION] Lyrics [Color Coded_Eng],UgwptXXJQB8e_0Z1HGZ4AaABAg.9Io0DhPkrtP9IoGtb6IEll,What Time?,'value': 'UCHYFlvJLc9Xk44Ia1NlZDBw',gingerisnotsus,17,2021-01-22T08:11:51Z,2021-01-22T08:11:51Z
Ct3orGumsLs,ITZY - 'WANNABE' [ENGLISH VERSION] Lyrics [Color Coded_Eng],UgwptXXJQB8e_0Z1HGZ4AaABAg.9Io0DhPkrtP9IoIwPgFTWn,@Pancit canton hot and spicy 1:26,'value': 'UCYxFyHgmMBKpnkLh4fqqw1Q',gingerisnotsus,57,2021-01-22T08:29:42Z,2021-01-22T08:29:42Z
Ct3orGumsLs,ITZY - 'WANNABE' [ENGLISH VERSION] Lyrics [Color Coded_Eng],UgwptXXJQB8e_0Z1HGZ4AaABAg.9Io0DhPkrtP9IoJAkcBJ2F,Ikr it was so clear and precise and rude üòÇ,'value': 'UCa7g28Ehr3Q0cmGMRQBNgtw',gingerisnotsus,191,2021-01-22T08:31:48Z,2021-01-22T08:31:48Z
Ct3orGumsLs,ITZY - 'WANNABE' [ENGLISH VERSION] Lyrics [Color Coded_Eng],UgwptXXJQB8e_0Z1HGZ4AaABAg.9Io0DhPkrtP9Ip04diLkip,It sounds like chae is being sarcastic and calling them out on their bs üòå as she should.,'value': 'UCYWPxvgSa99BeAa5eeXdeCw',gingerisnotsus,53,2021-01-22T15:04:11Z,2021-01-22T15:04:11Z
Ct3orGumsLs,ITZY - 'WANNABE' [ENGLISH VERSION] Lyrics [Color Coded_Eng],UgwptXXJQB8e_0Z1HGZ4AaABAg.9Io0DhPkrtP9IplAMWFSti,"@jusariana Yeah itzy is gold , But spam isn't it.",'value': 'UChpEwtghvKJlY67UIGdGhew',gingerisnotsus,18,2021-01-22T22:04:24Z,2021-01-22T22:04:24Z
Ct3orGumsLs,ITZY - 'WANNABE' [ENGLISH VERSION] Lyrics [Color Coded_Eng],Ugx-TAwioTFveD42a5l4AaABAg.9InyLiTMzgX9IojbYigugp,Up,'value': 'UCrIWQc9dlGkGfoCojJQlL6Q',gingerisnotsus,5,2021-01-22T12:31:32Z,2021-01-22T12:31:32Z
Ct3orGumsLs,ITZY - 'WANNABE' [ENGLISH VERSION] Lyrics [Color Coded_Eng],Ugx-TAwioTFveD42a5l4AaABAg.9InyLiTMzgX9Ipdy_Tjzo6,OMG yeess it's sooo sweet and cute it's really AMAZING ‚ù§‚ù§‚ù§,'value': 'UChHgCh1EcSUfTqEemTjQBSQ',gingerisnotsus,8,2021-01-22T21:01:29Z,2021-01-22T21:01:29Z
Ct3orGumsLs,ITZY - 'WANNABE' [ENGLISH VERSION] Lyrics [Color Coded_Eng],Ugx-TAwioTFveD42a5l4AaABAg.9InyLiTMzgX9KteXhyV6sm,I think yuna is best ^-^,'value': 'UCUJwo2fHRrn9r92CjE6pqBQ',gingerisnotsus,1,2021-03-15T03:26:10Z,2021-03-15T03:26:10Z
Ct3orGumsLs,ITZY - 'WANNABE' [ENGLISH VERSION] Lyrics [Color Coded_Eng],Ugx-TAwioTFveD42a5l4AaABAg.9InyLiTMzgX9M_KJd0I4C0,@ÏõêÏòÅÏïÑÎÇòÎùºÏÑ∏Ïö∞Ïûê bruh,'value': 'UCX6kiv-9CQlmMroxlALi27w',gingerisnotsus,1,2021-04-25T22:58:43Z,2021-04-25T22:58:43Z
Ct3orGumsLs,ITZY - 'WANNABE' [ENGLISH VERSION] Lyrics [Color Coded_Eng],Ugz2KhISghs5X-UGEJ54AaABAg.9Io-93l18Kz9Io3o5N2089,I was about to comment this. This song gives me Disney vibes lol,'value': 'UCYUmTwA-QHeu0SlXuKS9H0g',gingerisnotsus,46,2021-01-22T06:17:30Z,2021-01-22T06:17:30Z
Ct3orGumsLs,ITZY - 'WANNABE' [ENGLISH VERSION] Lyrics [Color Coded_Eng],Ugz2KhISghs5X-UGEJ54AaABAg.9Io-93l18Kz9IonrKNtaSN,Omg I was thinking the same too. Their songs can also be for Barbie shows where Barbie is a badass girl.,'value': 'UCIxdUZ-mbTlL0xSDt_rRDTA',gingerisnotsus,32,2021-01-22T13:08:38Z,2021-01-22T13:08:38Z
Ct3orGumsLs,ITZY - 'WANNABE' [ENGLISH VERSION] Lyrics [Color Coded_Eng],Ugz2KhISghs5X-UGEJ54AaABAg.9Io-93l18Kz9IooBfhP3Vx,@I'm_ Shin-Ryujinxed! yeaaaah like a popstar barbie princesses,'value': 'UCL1Leo2KPJp30pgCV2dKYnQ',gingerisnotsus,15,2021-01-22T13:11:33Z,2021-01-22T13:11:33Z
Ct3orGumsLs,ITZY - 'WANNABE' [ENGLISH VERSION] Lyrics [Color Coded_Eng],Ugz2KhISghs5X-UGEJ54AaABAg.9Io-93l18Kz9Ippe95OPP2,Descendants but all of them are girls,'value': 'UCjRSHvrgNb_zSJ95Akq4WxA',gingerisnotsus,12,2021-01-22T22:43:33Z,2021-01-22T22:43:33Z
Ct3orGumsLs,ITZY - 'WANNABE' [ENGLISH VERSION] Lyrics [Color Coded_Eng],UgxKlCwnjBl5I8NAP4V4AaABAg.9Io-zw2kd1R9IqIxw4WPS7,Yeah imma love myself,'value': 'UCfs76OgYx3BeyDmROecZh6Q',gingerisnotsus,4,2021-01-23T03:08:24Z,2021-01-23T03:08:24Z
Ct3orGumsLs,ITZY - 'WANNABE' [ENGLISH VERSION] Lyrics [Color Coded_Eng],UgxKlCwnjBl5I8NAP4V4AaABAg.9Io-zw2kd1R9IxMT05mY4w,It makes me wanna cry tbh,'value': 'UCGzEi0KIWOho4pWQlleDYwA',gingerisnotsus,3,2021-01-25T20:53:40Z,2021-01-25T20:53:40Z
Ct3orGumsLs,ITZY - 'WANNABE' [ENGLISH VERSION] Lyrics [Color Coded_Eng],UgxKlCwnjBl5I8NAP4V4AaABAg.9Io-zw2kd1R9Yd84HatER_,Chorus is da best part,'value': 'UCu6ef3OmvpwFdCFE8mKsWLA',gingerisnotsus,2,2022-02-19T16:45:28Z,2022-02-19T16:45:34Z
Ct3orGumsLs,ITZY - 'WANNABE' [ENGLISH VERSION] Lyrics [Color Coded_Eng],UgzmjOKoVtVJZAzP8DV4AaABAg.9Io88u1Ty1_9IqIlupGZmq,Her lines ‚ù§Ô∏è,'value': 'UCfs76OgYx3BeyDmROecZh6Q',gingerisnotsus,7,2021-01-23T03:06:45Z,2021-01-23T03:06:45Z
Ct3orGumsLs,ITZY - 'WANNABE' [ENGLISH VERSION] Lyrics [Color Coded_Eng],UgzmjOKoVtVJZAzP8DV4AaABAg.9Io88u1Ty1_9Irt8vmM4d7,@Joy Animation yaaas!,'value': 'UCi-duV6E-P8i49KBjSeL3_w',gingerisnotsus,0,2021-01-23T17:52:35Z,2021-01-23T17:52:35Z
Ct3orGumsLs,ITZY - 'WANNABE' [ENGLISH VERSION] Lyrics [Color Coded_Eng],UgxAdCtXV6-2TCCryKF4AaABAg.9Iny4RdrDi29K4GW-YrVPF,Periodt,'value': 'UCEwhIFKqeAL-Ls3IeyiMudA',gingerisnotsus,2,2021-02-22T19:06:58Z,2021-02-22T19:06:58Z
Ct3orGumsLs,ITZY - 'WANNABE' [ENGLISH VERSION] Lyrics [Color Coded_Eng],UgxAdCtXV6-2TCCryKF4AaABAg.9Iny4RdrDi29Ubac4kgCLk,"GOT7's ""Lullaby"" English Version is waving",'value': 'UCI3yI4Tf7yNAXLTTJrn2qaQ',gingerisnotsus,1,2021-11-11T16:19:34Z,2021-11-11T16:19:34Z
Ct3orGumsLs,ITZY - 'WANNABE' [ENGLISH VERSION] Lyrics [Color Coded_Eng],UgxAdCtXV6-2TCCryKF4AaABAg.9Iny4RdrDi29UjWOX1ys6O,imo not shy and icy are better,'value': 'UCaMIGWE1xPEf2nRM5uamqmw',gingerisnotsus,0,2021-11-14T18:07:48Z,2021-11-14T18:07:48Z
Ct3orGumsLs,ITZY - 'WANNABE' [ENGLISH VERSION] Lyrics [Color Coded_Eng],UgxAdCtXV6-2TCCryKF4AaABAg.9Iny4RdrDi29Xrk5owXDlh,"in my opinion, i think loco and wannabe r the best Itzy english versions",'value': 'UCTUoxPWMM5l5Gt52Kt5GRBA',gingerisnotsus,0,2022-01-31T12:24:26Z,2022-01-31T12:24:26Z
Ct3orGumsLs,ITZY - 'WANNABE' [ENGLISH VERSION] Lyrics [Color Coded_Eng],UgxiGNoZGn9-chAkwfd4AaABAg.9Io0nnC4Oi19Ivqji_uKtX,Yeahjü§£ü§£,'value': 'UCADAeAMC6qxngA5EKeF5kzw',gingerisnotsus,2,2021-01-25T06:48:30Z,2021-01-25T06:48:30Z
Ct3orGumsLs,ITZY - 'WANNABE' [ENGLISH VERSION] Lyrics [Color Coded_Eng],UgxiGNoZGn9-chAkwfd4AaABAg.9Io0nnC4Oi19L3zTKdNSaq,They are l studying English very hard. I have a feeling that JYP is going to make them debut in the US,'value': 'UCKNk5K4UZVewoACxlIAe1fQ',gingerisnotsus,2,2021-03-19T13:00:43Z,2021-03-19T13:00:43Z
Ct3orGumsLs,ITZY - 'WANNABE' [ENGLISH VERSION] Lyrics [Color Coded_Eng],UgxiGNoZGn9-chAkwfd4AaABAg.9Io0nnC4Oi19L40qjy-Bmz,"@Tetsuya Tsurugi lol I thought they already debuted in US ..they appeared in one American morning talk show and performed stating ""itzy US debut stage""...but idk for sure",'value': 'UCbDJ4kY3OU4x1DDTd45sVqg',gingerisnotsus,0,2021-03-19T13:21:31Z,2021-03-19T13:21:43Z
Ct3orGumsLs,ITZY - 'WANNABE' [ENGLISH VERSION] Lyrics [Color Coded_Eng],UgxiGNoZGn9-chAkwfd4AaABAg.9Io0nnC4Oi19L41dF2fzjJ,@Dharshini V E in fact  i have a strong Wonder Girls vibe from them. Cause they are studying English properly with a teacher and not just occasionally. That totally means something especially considering that Itzy is the only ine of JYPs recent groups with this treatment,'value': 'UCKNk5K4UZVewoACxlIAe1fQ',gingerisnotsus,0,2021-03-19T13:28:25Z,2021-03-19T13:28:25Z
Ct3orGumsLs,ITZY - 'WANNABE' [ENGLISH VERSION] Lyrics [Color Coded_Eng],UgzASpQyT3mx6LJbdWB4AaABAg.9InyNGcOy499Inyt4jEEnm,It sounds amazing but also formal if that makes sense,'value': 'UCwJoQJJNtvtqc-14mxbTgLQ',gingerisnotsus,683,2021-01-22T05:25:45Z,2021-01-22T05:25:45Z
Ct3orGumsLs,ITZY - 'WANNABE' [ENGLISH VERSION] Lyrics [Color Coded_Eng],UgzASpQyT3mx6LJbdWB4AaABAg.9InyNGcOy499Io0uyfz1wN,fact,'value': 'UCCIDbE9gHOxeMn0xPJauOdQ',gingerisnotsus,44,2021-01-22T05:52:13Z,2021-01-22T05:52:13Z
Ct3orGumsLs,ITZY - 'WANNABE' [ENGLISH VERSION] Lyrics [Color Coded_Eng],UgzASpQyT3mx6LJbdWB4AaABAg.9InyNGcOy499IoJMVv9xUM,Well I‚Äôm pretty sure the girls wouldn‚Äôt even understand them if it was like tht,'value': 'UCa7g28Ehr3Q0cmGMRQBNgtw',gingerisnotsus,156,2021-01-22T08:33:24Z,2021-01-22T08:33:24Z
Ct3orGumsLs,ITZY - 'WANNABE' [ENGLISH VERSION] Lyrics [Color Coded_Eng],UgzASpQyT3mx6LJbdWB4AaABAg.9InyNGcOy499IopVrw6eDe,"Right, it‚Äôs like it sounds good if you don‚Äôt think about it too hard. All the English versions are a bit weird but tolerable.",'value': 'UC7OFaVh8Upu04kJKr34xSDA',gingerisnotsus,385,2021-01-22T13:23:03Z,2021-01-22T13:23:03Z
Ct3orGumsLs,ITZY - 'WANNABE' [ENGLISH VERSION] Lyrics [Color Coded_Eng],UgzASpQyT3mx6LJbdWB4AaABAg.9InyNGcOy499IpJNYmmdgw,It still sounds pretty good though. What I hope will happen is that the English album does well enough that they're given songs written in English for future singles/albums. Dynamite was a big hit and Itzy's just going to continue growing in popularity so it seems like a good direction to take.,'value': 'UCWoBpXxjDyeosAhg0DJT7Yg',gingerisnotsus,230,2021-01-22T17:52:47Z,2021-01-22T17:52:47Z
Ct3orGumsLs,ITZY - 'WANNABE' [ENGLISH VERSION] Lyrics [Color Coded_Eng],UgwC0sV_CtwLB0urVlx4AaABAg.9IqA5PokK8g9MLh1N-pTwS,Trueee,'value': 'UCM2dkU3U6JJgS3bcImHujvQ',gingerisnotsus,3,2021-04-20T06:37:20Z,2021-04-20T06:37:20Z
Ct3orGumsLs,ITZY - 'WANNABE' [ENGLISH VERSION] Lyrics [Color Coded_Eng],UgxMFc7_K5zKNIC6v654AaABAg.9IouBy_e8Kv9KCu4GWzQEo,YESSS OMG,'value': 'UCYnmncLELkEtw8To9_yy-Uw',gingerisnotsus,0,2021-02-26T03:35:22Z,2021-02-26T03:35:22Z
Ct3orGumsLs,ITZY - 'WANNABE' [ENGLISH VERSION] Lyrics [Color Coded_Eng],UgwR-2zvrC_bU_IJIZF4AaABAg.9Io0ybiULHM9IoW8lkFUqh,For real tho HAHAHA,'value': 'UC-VOzvrQSCwd4GpXuIg5I8w',gingerisnotsus,1,2021-01-22T10:25:08Z,2021-01-22T10:25:08Z
Ct3orGumsLs,ITZY - 'WANNABE' [ENGLISH VERSION] Lyrics [Color Coded_Eng],UgwR-2zvrC_bU_IJIZF4AaABAg.9Io0ybiULHM9Ip2BIUEMVT,@jusariana Love it!,'value': 'UCAmv2WszpmdlibHOREKEDRA',gingerisnotsus,1,2021-01-22T15:22:34Z,2021-01-22T15:22:34Z
Ct3orGumsLs,ITZY - 'WANNABE' [ENGLISH VERSION] Lyrics [Color Coded_Eng],UgwR-2zvrC_bU_IJIZF4AaABAg.9Io0ybiULHM9IqQZ0HquCF,Someone said icy sounded like a kidz bop,'value': 'UCp7Hu1FDPzZ6TxDPrE09wzg',gingerisnotsus,3,2021-01-23T04:14:46Z,2021-01-23T04:14:46Z
Ct3orGumsLs,ITZY - 'WANNABE' [ENGLISH VERSION] Lyrics [Color Coded_Eng],UgwR-2zvrC_bU_IJIZF4AaABAg.9Io0ybiULHM9IrxpPVn6rp,@im just a random person with a very long username they all do,'value': 'UC5yUjZG4aoQZ0EPLB_2Bv8Q',gingerisnotsus,0,2021-01-23T18:33:28Z,2021-01-23T18:33:28Z
Ct3orGumsLs,ITZY - 'WANNABE' [ENGLISH VERSION] Lyrics [Color Coded_Eng],Ugx_RUtsKgyaEHByxJx4AaABAg.9Io-ImwrXYO9IoDp4LTKXX,FR,'value': 'UCsL8ZXZ0N4WfM9aCq14m_SQ',gingerisnotsus,9,2021-01-22T07:45:01Z,2021-01-22T07:45:01Z
Ct3orGumsLs,ITZY - 'WANNABE' [ENGLISH VERSION] Lyrics [Color Coded_Eng],Ugx_RUtsKgyaEHByxJx4AaABAg.9Io-ImwrXYO9IoUCzW_iT7,This should've lowkey be the title track of the english versions and not not shy,'value': 'UCbWAd0qYifWy-RQY8NpBrfA',gingerisnotsus,154,2021-01-22T10:08:13Z,2021-01-22T10:08:13Z
Ct3orGumsLs,ITZY - 'WANNABE' [ENGLISH VERSION] Lyrics [Color Coded_Eng],Ugx_RUtsKgyaEHByxJx4AaABAg.9Io-ImwrXYO9Iog1A5LLjQ,Icy is the best I think,'value': 'UCB9CsijMa7Nk44vf7tw5ozA',gingerisnotsus,38,2021-01-22T12:00:12Z,2021-01-22T12:00:12Z
Ct3orGumsLs,ITZY - 'WANNABE' [ENGLISH VERSION] Lyrics [Color Coded_Eng],Ugx_RUtsKgyaEHByxJx4AaABAg.9Io-ImwrXYO9IohAPGX2jm,"couldn't agree more, i even love this more than not shy eng.ver",'value': 'UCfPdndR53IOTp80iA4iV6WA',gingerisnotsus,14,2021-01-22T12:10:12Z,2021-01-22T12:10:12Z
Ct3orGumsLs,ITZY - 'WANNABE' [ENGLISH VERSION] Lyrics [Color Coded_Eng],Ugx_RUtsKgyaEHByxJx4AaABAg.9Io-ImwrXYO9IoyxO0DCo8,Lee minho lee minho cause im not shy,'value': 'UCmUyTpsiQZ1_xywqzFrmv4Q',gingerisnotsus,58,2021-01-22T14:45:35Z,2021-01-22T14:45:35Z
Ct3orGumsLs,ITZY - 'WANNABE' [ENGLISH VERSION] Lyrics [Color Coded_Eng],UgwRYkrNpkVylilLYwp4AaABAg.9InynIhDZFV9IqMvUgNXDT,"It's banger, to be sure.",'value': 'UC5I-s5MCq-fKCaCZ9mHwqaQ',gingerisnotsus,17,2021-01-23T03:43:01Z,2021-01-23T03:43:01Z
Ct3orGumsLs,ITZY - 'WANNABE' [ENGLISH VERSION] Lyrics [Color Coded_Eng],UgxRkuYqzUAxvTk2POt4AaABAg.9It0P5BRsNS9JBc1O2cOMR,For me it‚Äôs definitely Icy.,'value': 'UC6g0WZ1CG-aojlSsZbvuFrA',gingerisnotsus,9,2021-01-31T19:07:04Z,2021-01-31T19:07:04Z
Ct3orGumsLs,ITZY - 'WANNABE' [ENGLISH VERSION] Lyrics [Color Coded_Eng],UgxVsMYObPIWm30d0GR4AaABAg.9Io45i62vEp9ItqnEXvaG6,@jusariana bro u put this comment under every single other comments chill,'value': 'UCv8BouholeVdy3PE9ZXTHyQ',gingerisnotsus,33,2021-01-24T12:10:30Z,2021-01-24T12:10:30Z
Ct3orGumsLs,ITZY - 'WANNABE' [ENGLISH VERSION] Lyrics [Color Coded_Eng],UgxVsMYObPIWm30d0GR4AaABAg.9Io45i62vEp9KfY6tyzlQB,YESSSS,'value': 'UCfsoSIGLm2itL-Lx8voiMGQ',gingerisnotsus,2,2021-03-09T15:51:58Z,2021-03-09T15:51:58Z
Ct3orGumsLs,ITZY - 'WANNABE' [ENGLISH VERSION] Lyrics [Color Coded_Eng],UgxVsMYObPIWm30d0GR4AaABAg.9Io45i62vEp9L9hCnyGCrW,Hi NingNing üôÉ,'value': 'UCU8bwB7s_JIhslr8aB33LDA',gingerisnotsus,2,2021-03-21T18:16:37Z,2021-03-21T18:16:37Z
Ct3orGumsLs,ITZY - 'WANNABE' [ENGLISH VERSION] Lyrics [Color Coded_Eng],UgxAQGImRGYr4zYMnr14AaABAg.9InxvgYGRU19Io01GAsBlJ,Ikrt,'value': 'UCwrRlj6Eies6E6e2YBAeAig',gingerisnotsus,9,2021-01-22T05:44:29Z,2021-01-22T05:44:29Z
Ct3orGumsLs,ITZY - 'WANNABE' [ENGLISH VERSION] Lyrics [Color Coded_Eng],UgxAQGImRGYr4zYMnr14AaABAg.9InxvgYGRU19Pap1fUbYKp,I know,'value': 'UCz0CVbKp3K_TwQP0FPhpL2Q',gingerisnotsus,0,2021-07-10T02:29:19Z,2021-07-10T02:29:19Z
Ct3orGumsLs,ITZY - 'WANNABE' [ENGLISH VERSION] Lyrics [Color Coded_Eng],UgwXZCSxlk5Lww7sGs14AaABAg.9Iny97go7Gi9Iorginlq3k,Agree they fact they don't need swear words to be badassüëè,'value': 'UCwrl5WNlm1rcTuq9GRxrYsw',gingerisnotsus,46,2021-01-22T13:42:08Z,2021-01-30T09:59:24Z
Ct3orGumsLs,ITZY - 'WANNABE' [ENGLISH VERSION] Lyrics [Color Coded_Eng],UgwXZCSxlk5Lww7sGs14AaABAg.9Iny97go7Gi9Iprvt_8-72,@*I will hit you with BLACKPINK's lightstick* your name is legendary,'value': 'UC7eK-NorlgjTt9Odta0xubg',gingerisnotsus,17,2021-01-22T23:03:27Z,2021-01-22T23:03:27Z
Ct3orGumsLs,ITZY - 'WANNABE' [ENGLISH VERSION] Lyrics [Color Coded_Eng],UgxjLdTg4CvPhoG_gbF4AaABAg.9Li32xMPU8H9ZS8RIpAzmq,i agree,'value': 'UC8syTYm63YyIiaz0MQ_JNjw',gingerisnotsus,1,2022-03-11T21:29:07Z,2022-03-11T21:29:07Z
Ct3orGumsLs,ITZY - 'WANNABE' [ENGLISH VERSION] Lyrics [Color Coded_Eng],Ugw0d_QXH20Gd3kfRYJ4AaABAg.9IrG5bMsfGw9IrOhZLDIDl,Lia is fluent,'value': 'UCK2R5UpU7-xYYgXeH9oPNWw',gingerisnotsus,0,2021-01-23T13:17:50Z,2021-01-23T13:17:50Z
Ct3orGumsLs,ITZY - 'WANNABE' [ENGLISH VERSION] Lyrics [Color Coded_Eng],UgyN560fVPlxJNVkRhp4AaABAg.9Io6J--xJ0F9Io9GwtGigE,"Omg are you a midzy now?
Don't worry midzys aren't toxic AT ALL like other fandoms so don't be shy shy shy like itzaaayyyy",'value': 'UC_goL5IcA3EGgs3kJELNMVQ',gingerisnotsus,5,2021-01-22T07:05:16Z,2021-01-22T07:05:16Z
Ct3orGumsLs,ITZY - 'WANNABE' [ENGLISH VERSION] Lyrics [Color Coded_Eng],UgyN560fVPlxJNVkRhp4AaABAg.9Io6J--xJ0F9OspfrE8_Tl,@delulu weeeb there's some toxic midzy tho.. but don't be shy stan them (jk),'value': 'UCM2dkU3U6JJgS3bcImHujvQ',gingerisnotsus,1,2021-06-22T05:49:52Z,2021-06-22T05:49:52Z
Ct3orGumsLs,ITZY - 'WANNABE' [ENGLISH VERSION] Lyrics [Color Coded_Eng],UgyN560fVPlxJNVkRhp4AaABAg.9Io6J--xJ0F9Osz_2eBLeI,"@the broken moon 
I already stanned them from a long time don‚Äôt worry üíÖüèº",'value': 'UC_goL5IcA3EGgs3kJELNMVQ',gingerisnotsus,0,2021-06-22T07:16:19Z,2021-06-22T07:16:19Z
Ct3orGumsLs,ITZY - 'WANNABE' [ENGLISH VERSION] Lyrics [Color Coded_Eng],UgyN560fVPlxJNVkRhp4AaABAg.9Io6J--xJ0F9Oszd53fZ9P,"@the broken moon 
Yea these days midzys are getting like bigger and since they fandom is getting bigger the toxic ones are getting bigger as well",'value': 'UC_goL5IcA3EGgs3kJELNMVQ',gingerisnotsus,1,2021-06-22T07:16:52Z,2021-06-22T07:16:52Z
Ct3orGumsLs,ITZY - 'WANNABE' [ENGLISH VERSION] Lyrics [Color Coded_Eng],UgyN560fVPlxJNVkRhp4AaABAg.9Io6J--xJ0F9OtL1GpN9lA,@delulu weeeb I have seen toxic midzys hating on twice.. Aespa and blackpink,'value': 'UCM2dkU3U6JJgS3bcImHujvQ',gingerisnotsus,2,2021-06-22T10:32:33Z,2021-06-22T10:32:33Z
