videoId,title,commentId,textDisplay,authorDisplayName,likeCount,publishedAt,updatedAt
dzLr_HNbpu4,ITZY - 'DALLA DALLA' [ENGLISH VERSION] Lyrics [Color Coded_Eng],UgxbOyA9qoB3yG-dB9t4AaABAg,Them keeping ‚Äúdalla dalla‚Äù and ‚Äúmalijima‚Äù made this arguably the best english version in my opinion.,Stephanie H,4727,2021-01-22T06:28:37Z,2021-01-22T06:28:37Z
dzLr_HNbpu4,ITZY - 'DALLA DALLA' [ENGLISH VERSION] Lyrics [Color Coded_Eng],Ugy38qm7Xy4eeKdptkF4AaABAg,Mallijima is so iconic they dont even wanna change that part and i love it.,Rebecca Blink,8336,2021-01-22T05:54:00Z,2021-01-22T05:54:00Z
dzLr_HNbpu4,ITZY - 'DALLA DALLA' [ENGLISH VERSION] Lyrics [Color Coded_Eng],Ugy8xSYPGQzn1uDjtJ94AaABAg,"Teary eyed literally coz the lyrics hit me really hard. How can a bright song make me emotional? As someone who has zero self-esteem and self-love, this song is IT. I love how uplifting this is! Thank you, ITZY!",GG Stan,1438,2021-01-22T05:58:07Z,2021-01-22T17:02:29Z
dzLr_HNbpu4,ITZY - 'DALLA DALLA' [ENGLISH VERSION] Lyrics [Color Coded_Eng],UgwlVWAiEeZTltV2KiF4AaABAg,i‚Äôm happy that yeji‚Äôs part MALLIJIMA isn‚Äôt being changedü§©ü§©,Lidya Florencia,4814,2021-01-22T05:46:58Z,2021-01-22T05:46:58Z
dzLr_HNbpu4,ITZY - 'DALLA DALLA' [ENGLISH VERSION] Lyrics [Color Coded_Eng],UgwrrUpbTBVejEoLkIZ4AaABAg,"Itzy in Dalla Dalla: ""Don't need prince charming, ain't got time for love.""

Also Itzy in Not shy: ""Hey there, hey there we make a great pair great pair.""",gojo,2140,2021-01-22T06:10:54Z,2021-04-03T16:03:43Z
dzLr_HNbpu4,ITZY - 'DALLA DALLA' [ENGLISH VERSION] Lyrics [Color Coded_Eng],UgyZvfRMiXmWuCxEbBp4AaABAg,Didn't expect the eng ver to slap this hard.,eric,4237,2021-01-22T05:31:46Z,2021-01-22T05:31:46Z
dzLr_HNbpu4,ITZY - 'DALLA DALLA' [ENGLISH VERSION] Lyrics [Color Coded_Eng],UgzDiAUxfCImPzrhMNJ4AaABAg,"""don't need prince charming ain't got time for love, I'm just out here looking for some fun"" MISS CHAERYEONG SING IT LOUDER",michyeon,4147,2021-01-22T05:51:04Z,2021-01-22T05:51:04Z
dzLr_HNbpu4,ITZY - 'DALLA DALLA' [ENGLISH VERSION] Lyrics [Color Coded_Eng],UgxiWuDIAB0MUWjbHE14AaABAg,"English is about confidence 
                                     - YEJI",Preeza Gogoi,1173,2021-01-22T07:53:02Z,2022-03-09T10:18:07Z
dzLr_HNbpu4,ITZY - 'DALLA DALLA' [ENGLISH VERSION] Lyrics [Color Coded_Eng],Ugz00dqLX9L5BS5r3ft4AaABAg,"absolutely everybody needs to hear this song, it's so healing for this society",michyeon,672,2021-01-22T05:41:16Z,2021-01-22T05:41:16Z
dzLr_HNbpu4,ITZY - 'DALLA DALLA' [ENGLISH VERSION] Lyrics [Color Coded_Eng],UgzLEVfIwPfrBg21agF4AaABAg,"haters: nice girls don't curse
yeji: *don't give a damn*",michyeon,4359,2021-01-22T05:49:44Z,2021-01-22T05:49:44Z
dzLr_HNbpu4,ITZY - 'DALLA DALLA' [ENGLISH VERSION] Lyrics [Color Coded_Eng],UgzU2vvxpNaPi-g9REN4AaABAg,Chaeryeong rapping ‚Äútoo busy carpe diem-ing all day. drown out the haters they‚Äôll bever dictate‚Äù gives me life,say,210,2021-01-22T07:39:35Z,2021-01-22T07:39:35Z
dzLr_HNbpu4,ITZY - 'DALLA DALLA' [ENGLISH VERSION] Lyrics [Color Coded_Eng],Ugze4SSJZmOrCxgUoDl4AaABAg,This and Wannabe are my favorites from the album,catch Ryujin's right shoulder if you can haha,407,2021-01-22T05:32:33Z,2021-01-22T05:32:33Z
dzLr_HNbpu4,ITZY - 'DALLA DALLA' [ENGLISH VERSION] Lyrics [Color Coded_Eng],UgyNimLoX_l-B_NlfC54AaABAg,"I love all their ""English Version""",Jennard Misa,123,2021-01-22T05:39:52Z,2021-01-22T05:39:52Z
dzLr_HNbpu4,ITZY - 'DALLA DALLA' [ENGLISH VERSION] Lyrics [Color Coded_Eng],Ugz-wf36za1AGCsPGxl4AaABAg,"""Drown out the haters they'll never dictate""  YES MISS CHAERYEONG",XeniaG,200,2021-01-22T06:27:10Z,2021-01-22T06:27:10Z
dzLr_HNbpu4,ITZY - 'DALLA DALLA' [ENGLISH VERSION] Lyrics [Color Coded_Eng],UgyDKSrwXKL-F0nBBip4AaABAg,Dalla Dalla and not shy has the best english lyrics in my opinion.,Meowrene,668,2021-01-22T05:40:28Z,2021-01-22T05:40:28Z
dzLr_HNbpu4,ITZY - 'DALLA DALLA' [ENGLISH VERSION] Lyrics [Color Coded_Eng],Ugw9yKw29mkiwiOzetN4AaABAg,"‚Äúdon't give a damn‚Äù LOUDER YEJI, LOUDER",jisooyah,2269,2021-01-22T05:58:31Z,2021-01-22T05:58:31Z
dzLr_HNbpu4,ITZY - 'DALLA DALLA' [ENGLISH VERSION] Lyrics [Color Coded_Eng],UgwekWPxMHgv7x8WQhN4AaABAg,ITZY's English versions are totally great and not awkward,ALV,27,2021-01-30T07:19:34Z,2021-01-30T07:19:34Z
dzLr_HNbpu4,ITZY - 'DALLA DALLA' [ENGLISH VERSION] Lyrics [Color Coded_Eng],UgyXIhBcjZ4W7cKQxWl4AaABAg,These gals singing in English gives me goosebumps...I love it.,kensredemption,12,2021-03-31T22:31:07Z,2021-03-31T22:31:07Z
dzLr_HNbpu4,ITZY - 'DALLA DALLA' [ENGLISH VERSION] Lyrics [Color Coded_Eng],UgxizCaUdr8lIep6Z7d4AaABAg,"Itzy is teaching us to be confident,indepented and baddie",isasolostan,61,2021-04-03T04:25:39Z,2021-04-03T04:25:39Z
dzLr_HNbpu4,ITZY - 'DALLA DALLA' [ENGLISH VERSION] Lyrics [Color Coded_Eng],UgwM3Lw-s6gYuJRcZ2p4AaABAg,this sounds so natural- it's as if this was the original version,nenie,38,2021-01-23T18:09:53Z,2021-01-23T18:09:53Z
dzLr_HNbpu4,ITZY - 'DALLA DALLA' [ENGLISH VERSION] Lyrics [Color Coded_Eng],UgxudkUl2aD288fZqRJ4AaABAg,Chaeryoung's vocal is so charming. I love it,Dellas H,12,2021-01-22T15:04:38Z,2021-01-22T15:04:38Z
dzLr_HNbpu4,ITZY - 'DALLA DALLA' [ENGLISH VERSION] Lyrics [Color Coded_Eng],Ugyyugo-7KFe106xhr54AaABAg,CHAERYEONG SOUNDS SO GOOD IN ENGLISH OMG,ChatGPT News,19,2021-01-24T04:27:06Z,2021-01-24T04:27:06Z
dzLr_HNbpu4,ITZY - 'DALLA DALLA' [ENGLISH VERSION] Lyrics [Color Coded_Eng],UgwKNEm6S4aMHgAFGsl4AaABAg,"""Look in the mirror, loving what I see."" Yes Chaeryeong, say it LOUDER üîäüì¢ for the people in the back.",THANK YOU.,43,2021-01-23T07:10:00Z,2021-01-23T07:10:00Z
dzLr_HNbpu4,ITZY - 'DALLA DALLA' [ENGLISH VERSION] Lyrics [Color Coded_Eng],UgwYVl7m8k94TdqKdaZ4AaABAg,"""I'm never gonna change me. Don't bring me down 'cause I dare to be different"" my favorite linesüíõ",Ni,10,2021-02-03T00:43:26Z,2021-02-03T00:43:26Z
dzLr_HNbpu4,ITZY - 'DALLA DALLA' [ENGLISH VERSION] Lyrics [Color Coded_Eng],UgzIqW3RpeA6zhlMpId4AaABAg,"I was caught surprised to hear ""Don't give a damn"" by yeji the first time I heard the audio. haha just surprised. 
Love that line ""Don't bring me down 'cause I dare to be different.""",Trisha Talaroc,94,2021-01-22T06:17:29Z,2021-01-22T06:20:19Z
dzLr_HNbpu4,ITZY - 'DALLA DALLA' [ENGLISH VERSION] Lyrics [Color Coded_Eng],UgzcQDAKz22N6b8Qg_J4AaABAg,The fact that MAL-HI-JIMA is still Reigning after 2 years ‚ù§Ô∏è‚ù§Ô∏è‚ù§Ô∏è‚ù§Ô∏è‚ù§Ô∏è,Nageen Sajjad,13,2021-01-22T06:19:12Z,2021-01-22T06:19:12Z
dzLr_HNbpu4,ITZY - 'DALLA DALLA' [ENGLISH VERSION] Lyrics [Color Coded_Eng],UgxywCVmS0Kj8w23cIB4AaABAg,"What i like about Itzy is their songs got meaning, even the english ver. got nice meaning. This will give young kpoppers confidence to theirselves :)",primordial jade,4,2021-01-22T19:19:03Z,2021-01-22T19:19:03Z
dzLr_HNbpu4,ITZY - 'DALLA DALLA' [ENGLISH VERSION] Lyrics [Color Coded_Eng],Ugx_2hU9Gn8aAIlKgrp4AaABAg,"If you read this, I wish your biggest dream come true!",Halyna Hirna,1859,2021-01-22T05:33:17Z,2021-01-22T05:33:17Z
dzLr_HNbpu4,ITZY - 'DALLA DALLA' [ENGLISH VERSION] Lyrics [Color Coded_Eng],UgxzUEh2S5tsYz_8kx54AaABAg,Yoooo the producers snapped with these lyrics! They fit the music perfectly and they are meaningful and really fun!,Patrick Ryan,2,2021-01-29T03:55:59Z,2021-01-29T03:55:59Z
dzLr_HNbpu4,ITZY - 'DALLA DALLA' [ENGLISH VERSION] Lyrics [Color Coded_Eng],UgwqvcPH9Ryspwmso-l4AaABAg,"JYPe thank you for this gift üíñ there are so many kpop songs I wish had English versions, and Itzy‚Äôs title tracks are so iconic so this release made me so happy",Maryia V,2,2021-01-22T16:50:44Z,2021-01-22T16:50:44Z
dzLr_HNbpu4,ITZY - 'DALLA DALLA' [ENGLISH VERSION] Lyrics [Color Coded_Eng],Ugz1MAHVaowrAs8GH_54AaABAg,"""I love myself cause I'm so dalla dalla dalla"" YES YES YES",michyeon,94,2021-01-22T05:48:38Z,2021-01-22T05:48:38Z
dzLr_HNbpu4,ITZY - 'DALLA DALLA' [ENGLISH VERSION] Lyrics [Color Coded_Eng],UgxMRsLIVH-0DGGmIWt4AaABAg,The lyrics are savage..i love it they realy got what they wantedü•∞,ÏπúÍ≥†,0,2021-08-24T06:17:06Z,2021-08-24T06:17:06Z
dzLr_HNbpu4,ITZY - 'DALLA DALLA' [ENGLISH VERSION] Lyrics [Color Coded_Eng],UgxcaH6HDZIwnJxlFTp4AaABAg,im blessing that the most iconic parts were already in english and and that they left some in korean because ‚ú® malijima ‚ú®,jisooyah,78,2021-01-22T06:00:53Z,2021-01-22T06:00:53Z
dzLr_HNbpu4,ITZY - 'DALLA DALLA' [ENGLISH VERSION] Lyrics [Color Coded_Eng],UgyMzNQqhRNl_4Iuqzx4AaABAg,they have probably the most impressive english versions i‚Äôve seen in kpop.,moonlight,1,2021-01-24T22:30:53Z,2021-01-24T22:30:53Z
dzLr_HNbpu4,ITZY - 'DALLA DALLA' [ENGLISH VERSION] Lyrics [Color Coded_Eng],UgwQAWe3iH5MrX-yFml4AaABAg,Love how they kept iconic korean phrases and words in this. It's perfect. Like when Spanish artist make English music keeping a few Spanish terms and words.,TheNormalAsian,0,2021-01-23T21:59:22Z,2021-01-23T21:59:22Z
dzLr_HNbpu4,ITZY - 'DALLA DALLA' [ENGLISH VERSION] Lyrics [Color Coded_Eng],UgzvbUJUefXU7whl-b94AaABAg,"I've always loved everything about this song, the lyrics and the message, the freaking iNstrRumEntaL, the vocal, rap, choreo, eVerYtHING. But THIS. IS. *AMAZING.* LOVE the lyrics of the chorus and pre-chorus especially üíúüëå",Chaeyoung is oPpAr,0,2021-01-22T11:05:44Z,2021-01-22T11:06:21Z
dzLr_HNbpu4,ITZY - 'DALLA DALLA' [ENGLISH VERSION] Lyrics [Color Coded_Eng],UgxIwKwf7F2cKSXX8tN4AaABAg,"I'm not a fan of Korean songs' English version, but I admit that I like the chorus of Dalla dalla in English. It sounds cool !",Marine,3,2021-01-22T20:16:21Z,2021-01-22T20:16:21Z
dzLr_HNbpu4,ITZY - 'DALLA DALLA' [ENGLISH VERSION] Lyrics [Color Coded_Eng],UgxKLngUSWGgdPlNp4J4AaABAg,"OKAY but the english versions only proves that ITZY SHOULD remain and stick with this kind of concepts
THE LYRICS REALLY HIT HARD AND VERY EMPOWERING",Janlo Tumampos,0,2021-01-22T11:48:19Z,2021-01-22T11:48:19Z
dzLr_HNbpu4,ITZY - 'DALLA DALLA' [ENGLISH VERSION] Lyrics [Color Coded_Eng],UgwVv11CY48mBDLVVfd4AaABAg,LOVE this version,jayla,1,2021-01-22T12:24:33Z,2021-01-22T12:24:33Z
dzLr_HNbpu4,ITZY - 'DALLA DALLA' [ENGLISH VERSION] Lyrics [Color Coded_Eng],UgwPqxPLNtY5miEZNEV4AaABAg,i knew there was a reason why this will always be my favorite itzy song,Jaeli Deel,0,2021-01-22T22:11:55Z,2021-01-22T22:11:55Z
dzLr_HNbpu4,ITZY - 'DALLA DALLA' [ENGLISH VERSION] Lyrics [Color Coded_Eng],UgxGmHXypm7NNWeB3A94AaABAg,Love it,Calista J,0,2022-01-24T17:15:38Z,2022-01-24T17:15:38Z
dzLr_HNbpu4,ITZY - 'DALLA DALLA' [ENGLISH VERSION] Lyrics [Color Coded_Eng],UgyrSW6yPdZUcD7i7TJ4AaABAg,I LOVE THE MESSAGE OF THIS SONG!,12 - STEM 8 Enrico C. Isip,0,2021-01-22T14:39:22Z,2021-01-22T14:39:22Z
dzLr_HNbpu4,ITZY - 'DALLA DALLA' [ENGLISH VERSION] Lyrics [Color Coded_Eng],Ugx-24R8VR0Jiedzqkl4AaABAg,im proud of Yeji. her pronunciations are good.,AVG Squad,10,2021-01-27T11:25:59Z,2021-01-27T11:25:59Z
dzLr_HNbpu4,ITZY - 'DALLA DALLA' [ENGLISH VERSION] Lyrics [Color Coded_Eng],UgxFod9XMcq7yu2TOUV4AaABAg,I'm loving all of their english versions of their title tracks!,rilgv,1,2021-01-25T23:58:12Z,2021-01-25T23:58:12Z
dzLr_HNbpu4,ITZY - 'DALLA DALLA' [ENGLISH VERSION] Lyrics [Color Coded_Eng],UgwyPqCXy1CLgJSNOvJ4AaABAg,This will always be classic Itzy right here! This is still my jam!,Eyebrowstj - Multifandom4Life,0,2021-01-22T06:36:17Z,2021-01-22T06:36:17Z
dzLr_HNbpu4,ITZY - 'DALLA DALLA' [ENGLISH VERSION] Lyrics [Color Coded_Eng],UgyrosLp3S3ghRmpDW94AaABAg,Lia hits different in English ver and I'm here for it‚ù§Ô∏è,HEESEUNG MAHAL KO KAYO,4,2021-01-23T12:33:15Z,2021-01-23T12:33:15Z
dzLr_HNbpu4,ITZY - 'DALLA DALLA' [ENGLISH VERSION] Lyrics [Color Coded_Eng],UgxVFRkgjmxcIRTOt054AaABAg,One of their best songs! üíô,Music Rebel,1,2021-01-25T17:54:14Z,2021-01-25T17:54:14Z
dzLr_HNbpu4,ITZY - 'DALLA DALLA' [ENGLISH VERSION] Lyrics [Color Coded_Eng],UgyoYtDViAGrCHVruK14AaABAg,All of their songs are so good in both languages omg,Ï±ÑÏõêü´∂üèª,0,2021-08-14T05:29:36Z,2021-08-14T05:29:36Z
dzLr_HNbpu4,ITZY - 'DALLA DALLA' [ENGLISH VERSION] Lyrics [Color Coded_Eng],UgzMKE9K7ewohDmaYu54AaABAg,"My fave song of ITZY üíïüíïüíï
Edit: i love how they didn't change the dalla dalla lyrics because changing it to ""different different"" hits different tooüòç",Sophia Dhey,0,2021-01-22T14:01:23Z,2021-01-22T14:03:08Z
dzLr_HNbpu4,ITZY - 'DALLA DALLA' [ENGLISH VERSION] Lyrics [Color Coded_Eng],UgzkThZ7mlaaVo9n-7h4AaABAg,GOD I LOVE THEM,elle,1,2021-01-22T15:54:27Z,2021-01-22T15:54:27Z
dzLr_HNbpu4,ITZY - 'DALLA DALLA' [ENGLISH VERSION] Lyrics [Color Coded_Eng],UgwyehwL0Bm7oJeVtP54AaABAg,Yeji‚Äôs rap part is iconic !,Elena Angelo,1,2021-01-22T10:24:52Z,2021-01-22T10:24:52Z
dzLr_HNbpu4,ITZY - 'DALLA DALLA' [ENGLISH VERSION] Lyrics [Color Coded_Eng],UgwQa9J0cH4_jZC_7qt4AaABAg,the fact that they dont change the iconic part of this songs is just a smart move ITZY WORLD DOMINATION,Mark Joshua De Guzman,9,2021-01-22T06:10:05Z,2021-01-22T06:10:05Z
dzLr_HNbpu4,ITZY - 'DALLA DALLA' [ENGLISH VERSION] Lyrics [Color Coded_Eng],UgyaIRJhX1FZ_GSWhMx4AaABAg,AHHHH THESE ENGLISH VERSIONS ARE SOOO CUTEEEEE...I'm really used to the korean version but oh well it won't kill for me to learn these new lyrics and singalong thou lol...I LOVE ALL OF 'EM‚ù§Ô∏è‚ù§Ô∏è‚ù§Ô∏èI NEVER THOUGHT I'D BECOME A MIDZY(that too a fangirl skkssk)..ITZY will always have my support and love...also idk why they've turned off the commentsü§∑ü§îthou...weird...,Dharshini V E,3,2021-01-22T05:48:39Z,2021-01-22T05:48:39Z
dzLr_HNbpu4,ITZY - 'DALLA DALLA' [ENGLISH VERSION] Lyrics [Color Coded_Eng],UgzFk0gPROsSaLugDsJ4AaABAg,Happily surprised at this version!! They all sound so fluent!!,Emily Faith,0,2021-01-22T15:04:49Z,2021-01-22T15:04:49Z
dzLr_HNbpu4,ITZY - 'DALLA DALLA' [ENGLISH VERSION] Lyrics [Color Coded_Eng],Ugx6KKMApCaOXx4C8k14AaABAg,"""Not gonna change who I am for your comfort"" Wow I love that line so much this version slaps",Charlotte Brooks,1,2021-01-23T19:15:46Z,2021-01-23T19:15:46Z
dzLr_HNbpu4,ITZY - 'DALLA DALLA' [ENGLISH VERSION] Lyrics [Color Coded_Eng],Ugye9v0xAh3Gmhg2dxl4AaABAg,LOVE IT!!,Fun Jonny,0,2021-01-23T17:51:52Z,2021-01-23T17:51:52Z
dzLr_HNbpu4,ITZY - 'DALLA DALLA' [ENGLISH VERSION] Lyrics [Color Coded_Eng],UgwgnOuVE-e0A2U_rAJ4AaABAg,This song is just too powerful to handle‚ù§Ô∏è,kyon,1,2021-01-25T13:10:37Z,2021-01-25T13:10:37Z
dzLr_HNbpu4,ITZY - 'DALLA DALLA' [ENGLISH VERSION] Lyrics [Color Coded_Eng],UgwFAnI2yUDmem15krF4AaABAg,I have no words this is damn perfect,k,0,2022-06-07T11:21:35Z,2022-07-18T14:14:57Z
dzLr_HNbpu4,ITZY - 'DALLA DALLA' [ENGLISH VERSION] Lyrics [Color Coded_Eng],UgwhFZvG9MXcP8CZ_T14AaABAg,"Lia = Serious
Ryujin = Serious
Chaeryeong = Serious
Yuna = Serious
Then theres Yeji = üòä",ii_ Xx,40,2021-03-03T22:55:27Z,2021-03-03T23:53:00Z
dzLr_HNbpu4,ITZY - 'DALLA DALLA' [ENGLISH VERSION] Lyrics [Color Coded_Eng],UgyFKwc0uHi6w-k0bhh4AaABAg,all of the English versions are SO good,Casi,0,2021-01-23T16:33:42Z,2021-01-23T16:33:42Z
dzLr_HNbpu4,ITZY - 'DALLA DALLA' [ENGLISH VERSION] Lyrics [Color Coded_Eng],UgwSDeCKKJs8VEpcgjx4AaABAg,Their pronunciations are so good,"7orNever,7orNothing",1,2021-01-22T11:52:39Z,2021-01-22T11:52:39Z
dzLr_HNbpu4,ITZY - 'DALLA DALLA' [ENGLISH VERSION] Lyrics [Color Coded_Eng],UgzQWKS1tdZZJ6FZgIV4AaABAg,the lyrics really so inspiring</3,Lightfurry‚ô°,1,2022-02-23T10:57:23Z,2022-02-23T10:57:23Z
dzLr_HNbpu4,ITZY - 'DALLA DALLA' [ENGLISH VERSION] Lyrics [Color Coded_Eng],UgxUUD7_o6qTKhPthuJ4AaABAg,These transations are top notch!,Rosa,0,2021-01-22T15:29:08Z,2021-01-22T15:29:08Z
dzLr_HNbpu4,ITZY - 'DALLA DALLA' [ENGLISH VERSION] Lyrics [Color Coded_Eng],UgwPGldWMoaJLmCer_x4AaABAg,My girls just dropped their first eng vers today and their already killing itü§™ü§©,You can STAY,0,2021-01-22T06:10:18Z,2021-01-22T06:10:18Z
dzLr_HNbpu4,ITZY - 'DALLA DALLA' [ENGLISH VERSION] Lyrics [Color Coded_Eng],Ugwhd8p9EoVueECgavJ4AaABAg,im really debating whether i should pick this song for my solo in choir cause the theme is self love and this is perfect!,FRANCISforeverr,3,2021-01-22T21:50:02Z,2021-01-22T21:50:02Z
dzLr_HNbpu4,ITZY - 'DALLA DALLA' [ENGLISH VERSION] Lyrics [Color Coded_Eng],UgxZfI9Ah90h3J4epo54AaABAg,when in down i just listen to this song‚Äôs bridge and i feel powered. I love you ITZY. Thanks for reminding me to feel special!!!,CANUTO YUVENN,0,2021-01-22T16:32:21Z,2021-01-22T16:32:21Z
dzLr_HNbpu4,ITZY - 'DALLA DALLA' [ENGLISH VERSION] Lyrics [Color Coded_Eng],UgylwDUAsOOgwrLu4al4AaABAg,Yeji's  MALLIJIMA is the most iconic thing,violets4roses,20,2021-01-23T05:56:29Z,2021-01-23T05:56:29Z
dzLr_HNbpu4,ITZY - 'DALLA DALLA' [ENGLISH VERSION] Lyrics [Color Coded_Eng],UgwNnKb8l1K5fZbExWh4AaABAg,I love it,Karenkarina Sollorin,0,2021-01-22T07:35:42Z,2021-01-22T07:35:42Z
dzLr_HNbpu4,ITZY - 'DALLA DALLA' [ENGLISH VERSION] Lyrics [Color Coded_Eng],UgyWCKI-UTDCd5vE6Bp4AaABAg,Itzy never disappoints ‚ù§,Jisooya,0,2021-01-22T08:16:03Z,2021-01-22T08:16:03Z
dzLr_HNbpu4,ITZY - 'DALLA DALLA' [ENGLISH VERSION] Lyrics [Color Coded_Eng],Ugz1fhWZMk_14D7tZFV4AaABAg,I LOVEE YEJI‚ÄôS VOICE!!,HYUNSUNG should be turned into K-drama,1,2021-01-26T01:33:58Z,2021-01-26T01:33:58Z
dzLr_HNbpu4,ITZY - 'DALLA DALLA' [ENGLISH VERSION] Lyrics [Color Coded_Eng],UgzMmUOlAs3vOBS92vF4AaABAg,Lia delivers her lines so damn well omg,HER,3,2021-01-22T14:10:11Z,2021-01-22T14:10:11Z
dzLr_HNbpu4,ITZY - 'DALLA DALLA' [ENGLISH VERSION] Lyrics [Color Coded_Eng],UgwVBV4h89BsE9o1TvV4AaABAg,Is this the best english version of a kpop song i've heard so far? I think it is!! It's so smooth omg,Martin Pintamalli,1,2021-04-18T11:39:59Z,2021-04-18T11:39:59Z
dzLr_HNbpu4,ITZY - 'DALLA DALLA' [ENGLISH VERSION] Lyrics [Color Coded_Eng],UgxPyWHP0bKx06YCXjl4AaABAg,I love this song more now üòç,Mayraculous Rae,0,2021-01-24T04:37:02Z,2021-01-24T04:37:02Z
dzLr_HNbpu4,ITZY - 'DALLA DALLA' [ENGLISH VERSION] Lyrics [Color Coded_Eng],UgynaG3_Q30dwl65zHZ4AaABAg,I love yuna‚Äôs line,„Çπ„Ç§„É¨„É≥,1,2021-01-24T06:37:44Z,2021-01-24T06:37:44Z
dzLr_HNbpu4,ITZY - 'DALLA DALLA' [ENGLISH VERSION] Lyrics [Color Coded_Eng],UgzkGFDt4F9qynvUMFF4AaABAg,UGHHH THE ENGLISH VERSIONS OF THEIR SONGS HITS SO DAMN DIFFERENT AND UPLIFTING!!!! ITZY WORLD DOMINATION,Chae Da Ni,0,2021-01-22T11:59:32Z,2021-01-22T11:59:32Z
dzLr_HNbpu4,ITZY - 'DALLA DALLA' [ENGLISH VERSION] Lyrics [Color Coded_Eng],UgxabpDZRZ2dwxwpZKB4AaABAg,"ÏßÑÏßú Ï±ÑÎ†πÏù¥ ÏùåÏÉâÏùÄ ÎÑàÎ¨¥ Ï¢ãÎã§. ÏòÅÏñ¥Î∞úÏùåÏóê Ï±ÑÎ†πÏù¥ ÏùåÏÉâÏù¥ ÎçîÌï¥ÏßÄÎãà Îì£Í∏∞Í∞Ä ÎÑàÎ¨¥ Ï¢ãÎÑ§Ïöî. 
ÎßëÍ≥† Ï≤≠ÏïÑÌïú Í≥†Ïö¥ ÏùåÏÉâÏùò ÎåÄÎ™ÖÏÇ¨ Ïù¥Ï±ÑÎ†π ÌôîÏù¥ÌåÖ! ÏûàÏßÄ ÌôîÏù¥ÌåÖ!!^^",ÎåÄÏ°∞ÏòÅÏùÑ Í∑∏Î¶¨Î©∞,2,2021-01-26T13:14:37Z,2021-01-26T13:14:37Z
dzLr_HNbpu4,ITZY - 'DALLA DALLA' [ENGLISH VERSION] Lyrics [Color Coded_Eng],UgxhDlAzdh93OmgBklB4AaABAg,They don't have to change Yeji's part Malijima because it's so iconic and legendary,kuri khiangte,4,2021-01-23T03:47:17Z,2021-01-23T03:47:17Z
dzLr_HNbpu4,ITZY - 'DALLA DALLA' [ENGLISH VERSION] Lyrics [Color Coded_Eng],Ugymn3o3tvZ2swrdIF94AaABAg,One of the few kpop songs that actually sounds like a western song seamlessly using Korean words instead of a Korean song that uses a few english words. <3,neutralhero999,0,2021-02-06T07:06:34Z,2021-02-06T07:06:34Z
dzLr_HNbpu4,ITZY - 'DALLA DALLA' [ENGLISH VERSION] Lyrics [Color Coded_Eng],Ugz-xn4MCsBUDKnBkBF4AaABAg,When it says dalla dalla or the parts from the korean song you can tell their voices have improved so much,staygeee,1,2021-01-22T06:10:34Z,2021-01-22T06:10:43Z
dzLr_HNbpu4,ITZY - 'DALLA DALLA' [ENGLISH VERSION] Lyrics [Color Coded_Eng],UgxIIxYd9up6BhbPFQp4AaABAg,The Fact That Yeji Cursed In This Song Is Really Legendary,Xx_MaximumLightning2023_xX,527,2021-01-22T06:12:50Z,2021-01-22T06:12:50Z
dzLr_HNbpu4,ITZY - 'DALLA DALLA' [ENGLISH VERSION] Lyrics [Color Coded_Eng],UgwIRgA4stwvAW7aiwp4AaABAg,Chaeryeong's lines are THE BEST,Bru,6,2021-01-25T23:14:40Z,2021-01-25T23:14:40Z
dzLr_HNbpu4,ITZY - 'DALLA DALLA' [ENGLISH VERSION] Lyrics [Color Coded_Eng],UgyQW4KTnXr4_J_2lxV4AaABAg,Mallijima is so iconic they don‚Äôt even wanna change that part and I love it,txt x moa,4,2021-01-24T03:01:41Z,2021-01-24T03:01:41Z
dzLr_HNbpu4,ITZY - 'DALLA DALLA' [ENGLISH VERSION] Lyrics [Color Coded_Eng],UgzCviClVtvC2GWKzzN4AaABAg,Ok but can we appreciate queen yeji‚Äôs English. Like her accent is legit perfect. ‚ÄúEnglish is all abt confidence‚Äù mhm,Yewon Choi,7,2021-01-24T18:11:04Z,2021-01-24T18:11:04Z
dzLr_HNbpu4,ITZY - 'DALLA DALLA' [ENGLISH VERSION] Lyrics [Color Coded_Eng],Ugxni-KcPg3J7qUMnaR4AaABAg,My fave in all english versions ‚ù§Ô∏è,Meyana Mio,2,2021-01-28T02:18:56Z,2021-01-28T02:18:56Z
dzLr_HNbpu4,ITZY - 'DALLA DALLA' [ENGLISH VERSION] Lyrics [Color Coded_Eng],UgxhnrEpL4IGgxNa_4x4AaABAg,"My favorite song is WANNABE, NOT SHY,ICY and DALA DALLA respectively üòäüòäüòäüòäüòäüòä",Bidya Bidya,0,2021-01-22T14:22:05Z,2021-01-22T14:22:05Z
dzLr_HNbpu4,ITZY - 'DALLA DALLA' [ENGLISH VERSION] Lyrics [Color Coded_Eng],UgzaMRZpBO2S0RWnjZd4AaABAg,I love how they didn't change the iconic parts. I really do,_peachyykitty_,0,2021-01-22T10:24:40Z,2021-01-22T10:24:40Z
dzLr_HNbpu4,ITZY - 'DALLA DALLA' [ENGLISH VERSION] Lyrics [Color Coded_Eng],UgwfjUcl7LcMxyLxEL14AaABAg,Masterpiece,Double L,0,2021-01-22T10:25:51Z,2021-01-22T10:25:51Z
dzLr_HNbpu4,ITZY - 'DALLA DALLA' [ENGLISH VERSION] Lyrics [Color Coded_Eng],UgwAk-Yy9_8atWkRDYZ4AaABAg,I love this so much,theorma place,0,2021-01-23T08:54:27Z,2021-01-23T08:54:27Z
dzLr_HNbpu4,ITZY - 'DALLA DALLA' [ENGLISH VERSION] Lyrics [Color Coded_Eng],UgzoTDejeuTsh_lJoVF4AaABAg,i love how they are keeping the dalla dalla part instead of changing it to im different bcs dalla dalla part is catchyyy,Nur Fatihah,2,2021-01-22T06:35:32Z,2021-01-22T06:35:32Z
dzLr_HNbpu4,ITZY - 'DALLA DALLA' [ENGLISH VERSION] Lyrics [Color Coded_Eng],UgwIFzKq2bzdBqKdDOZ4AaABAg,This song just motivational in other words,missno_one,2,2021-10-25T02:42:57Z,2021-10-25T02:42:57Z
dzLr_HNbpu4,ITZY - 'DALLA DALLA' [ENGLISH VERSION] Lyrics [Color Coded_Eng],Ugzuu0DQsVM0AaTt5IZ4AaABAg,The English version is also outstandingüòÑüòÑüòÑ,ÍßÅZOIII PLAYZÍßÇ,0,2021-01-22T09:26:59Z,2021-01-22T09:26:59Z
dzLr_HNbpu4,ITZY - 'DALLA DALLA' [ENGLISH VERSION] Lyrics [Color Coded_Eng],UgzoHHdZL9nVowXmP_N4AaABAg,Chae chae rap will stay and remain iconic,~Windy Auras bestie ~,0,2022-07-22T18:50:33Z,2022-07-22T18:50:33Z
dzLr_HNbpu4,ITZY - 'DALLA DALLA' [ENGLISH VERSION] Lyrics [Color Coded_Eng],UgwZZ4c7lBd6vKlqgV14AaABAg,the English version still slays,Lolip0pVS,1,2022-08-24T14:08:47Z,2022-08-24T14:08:47Z
dzLr_HNbpu4,ITZY - 'DALLA DALLA' [ENGLISH VERSION] Lyrics [Color Coded_Eng],UgyR1VBVRKAra9ofXKZ4AaABAg,"No one's gonna talk about lia's line ""Not gonna change who i am for your comfort''? this line is a real comeback.",Tacenda,0,2021-01-22T12:27:30Z,2021-01-22T12:27:30Z
dzLr_HNbpu4,ITZY - 'DALLA DALLA' [ENGLISH VERSION] Lyrics [Color Coded_Eng],UgxjrcmUkk6McTbgC7h4AaABAg,"Is nobody gonna talk about their english being smooth, fluent and flow well with the song",yeji's burnt choc,9,2021-01-22T08:06:26Z,2021-01-22T08:06:26Z
dzLr_HNbpu4,ITZY - 'DALLA DALLA' [ENGLISH VERSION] Lyrics [Color Coded_Eng],UgyfbZKGjjAupXD_tf94AaABAg,"I love how itzy did this, and express with Dalla Dalla and Wannabe not to care what people say always be yourself",uggo rats,1,2021-07-30T09:20:52Z,2021-07-30T09:20:52Z
dzLr_HNbpu4,ITZY - 'DALLA DALLA' [ENGLISH VERSION] Lyrics [Color Coded_Eng],Ugwb8geYXxywPTsVa414AaABAg,"""Look in the mirror, loving what I see"" YES CHAE YOU ARE BEAUTIFUL!!!‚ù§",sunny,0,2021-01-23T07:55:56Z,2021-01-23T07:55:56Z
dzLr_HNbpu4,ITZY - 'DALLA DALLA' [ENGLISH VERSION] Lyrics [Color Coded_Eng],UgwbS0MGr-Xy4mKSEQt4AaABAg,"their songs hits different in english, they sound so fluent in english (ik that lia speak eng tho), now im waiting for them to comebackküò≠",t to the a to the e to the yong,0,2021-01-22T06:54:26Z,2021-01-22T06:54:26Z
dzLr_HNbpu4,ITZY - 'DALLA DALLA' [ENGLISH VERSION] Lyrics [Color Coded_Eng],Ugwwk6_a6WdpNiSzsx94AaABAg,oh my god this is so good.. why am i tearing up,suck my artauds,0,2021-01-22T19:07:24Z,2021-01-22T19:07:24Z
dzLr_HNbpu4,ITZY - 'DALLA DALLA' [ENGLISH VERSION] Lyrics [Color Coded_Eng],UgwvaUmXHWyG7cRZhhF4AaABAg,"I have a question will they produce a physical album for the english versions or no 
Btw love you itzyyyy",Runaway SK,0,2021-01-22T18:34:46Z,2021-01-22T18:34:46Z
dzLr_HNbpu4,ITZY - 'DALLA DALLA' [ENGLISH VERSION] Lyrics [Color Coded_Eng],UgxbOyA9qoB3yG-dB9t4AaABAg.9Io54S7pBMz9IomQW_ClJ9,and unnies,bluekimseokjin,236,2021-01-22T12:56:06Z,2021-01-22T12:56:06Z
dzLr_HNbpu4,ITZY - 'DALLA DALLA' [ENGLISH VERSION] Lyrics [Color Coded_Eng],UgxbOyA9qoB3yG-dB9t4AaABAg.9Io54S7pBMz9IozdHXKSAA,THIS IS THE BEST ENGLISH VERSION IVE EVER HEARD,–ê–ª–µ–∫—Å–∞–Ω–¥—Ä–∞ –ú–∏—ò–∞—Ç–æ–≤–∏—õ,94,2021-01-22T14:51:34Z,2021-01-22T14:51:34Z
dzLr_HNbpu4,ITZY - 'DALLA DALLA' [ENGLISH VERSION] Lyrics [Color Coded_Eng],UgxbOyA9qoB3yG-dB9t4AaABAg.9Io54S7pBMz9IpGBPGqJzM,"@jusariana man everyone hates promotion spams üòÖ
spamming the link isn't going to make people more likely to click it. If anything, it will just makes them *not* want to click it üôÉ",Tessa,18,2021-01-22T17:24:55Z,2021-01-22T17:25:46Z
dzLr_HNbpu4,ITZY - 'DALLA DALLA' [ENGLISH VERSION] Lyrics [Color Coded_Eng],UgxbOyA9qoB3yG-dB9t4AaABAg.9Io54S7pBMz9IpZYmsiApx,"But I do wonder how it would sound if they made it ""different different"" üòÖ",Syeda Tasnia,43,2021-01-22T20:14:08Z,2021-01-22T20:14:08Z
dzLr_HNbpu4,ITZY - 'DALLA DALLA' [ENGLISH VERSION] Lyrics [Color Coded_Eng],UgxbOyA9qoB3yG-dB9t4AaABAg.9Io54S7pBMz9IpzQb0pwa1,@Syeda Tasnia if you say it out loud by yourself it sounds great cause ‚Äúdalla dalla‚Äù and ‚Äúdifferent different‚Äù kinda have the same syllables,sophi,33,2021-01-23T00:08:57Z,2021-01-23T00:08:57Z
dzLr_HNbpu4,ITZY - 'DALLA DALLA' [ENGLISH VERSION] Lyrics [Color Coded_Eng],Ugy38qm7Xy4eeKdptkF4AaABAg.9Io16vck02F9Io1tPaN7jw,Same with ‚ÄúDalla Dalla‚Äù~,Si_ Multifandom _ch_,327,2021-01-22T06:00:45Z,2021-01-22T06:00:45Z
dzLr_HNbpu4,ITZY - 'DALLA DALLA' [ENGLISH VERSION] Lyrics [Color Coded_Eng],Ugy38qm7Xy4eeKdptkF4AaABAg.9Io16vck02F9Io2TdhEbwv,I‚ÄôM ALL FOR IT üòÇ,Vanessa G,80,2021-01-22T06:05:50Z,2021-01-22T06:05:50Z
dzLr_HNbpu4,ITZY - 'DALLA DALLA' [ENGLISH VERSION] Lyrics [Color Coded_Eng],Ugy38qm7Xy4eeKdptkF4AaABAg.9Io16vck02F9Io60urS_Rs,Ikr,BOO-MBASTIC SIDE EYE,10,2021-01-22T06:36:52Z,2021-01-22T06:36:52Z
dzLr_HNbpu4,ITZY - 'DALLA DALLA' [ENGLISH VERSION] Lyrics [Color Coded_Eng],Ugy38qm7Xy4eeKdptkF4AaABAg.9Io16vck02F9Io7OLcqaso,*Yooooooooooo Rebecca ur here lmao*,IAm5K2,20,2021-01-22T06:48:48Z,2021-01-22T06:48:48Z
dzLr_HNbpu4,ITZY - 'DALLA DALLA' [ENGLISH VERSION] Lyrics [Color Coded_Eng],Ugy38qm7Xy4eeKdptkF4AaABAg.9Io16vck02F9IoADj-XfJt,And unnie part too!!,kookie army,30,2021-01-22T07:13:34Z,2021-01-22T07:13:34Z
dzLr_HNbpu4,ITZY - 'DALLA DALLA' [ENGLISH VERSION] Lyrics [Color Coded_Eng],Ugy8xSYPGQzn1uDjtJ94AaABAg.9Io1a9EBe8P9Io4jqfjK2x,That‚Äôs Itzy for ya.,MrLeroy42,54,2021-01-22T06:25:40Z,2021-01-22T06:25:40Z
dzLr_HNbpu4,ITZY - 'DALLA DALLA' [ENGLISH VERSION] Lyrics [Color Coded_Eng],Ugy8xSYPGQzn1uDjtJ94AaABAg.9Io1a9EBe8P9IoPd3fnF4h,"Keep your chin up, they've got your back",E-mane,60,2021-01-22T09:28:14Z,2021-01-22T09:28:14Z
dzLr_HNbpu4,ITZY - 'DALLA DALLA' [ENGLISH VERSION] Lyrics [Color Coded_Eng],Ugy8xSYPGQzn1uDjtJ94AaABAg.9Io1a9EBe8P9Iotwd6_9VB,i thought i was the only one omg thank u i was kinda emo listening to this,ambreüéÄ,15,2021-01-22T14:01:47Z,2021-01-22T14:01:47Z
dzLr_HNbpu4,ITZY - 'DALLA DALLA' [ENGLISH VERSION] Lyrics [Color Coded_Eng],Ugy8xSYPGQzn1uDjtJ94AaABAg.9Io1a9EBe8P9IpnIFC10Zw,"Me too. Especially the line ""Don't care what people say, I got nothing to prove."" had hit me so hard. I kinda got teary eyed at it and I remembered the times where I would cry then promise myself that I would prove my worth to everybody who underestimated me. But now that I'm learning self love, I don't think I'll need to do that anymore, as long as I know my own value and potential. üíú",‚ô°_Dreamer_‚ô°,35,2021-01-22T22:22:57Z,2021-01-23T19:43:38Z
dzLr_HNbpu4,ITZY - 'DALLA DALLA' [ENGLISH VERSION] Lyrics [Color Coded_Eng],UgwlVWAiEeZTltV2KiF4AaABAg.9Io0JSMjBL99IoFQ8pk-8b,what does that mean?,my rosie posie,0,2021-01-22T07:58:57Z,2021-01-22T07:58:57Z
dzLr_HNbpu4,ITZY - 'DALLA DALLA' [ENGLISH VERSION] Lyrics [Color Coded_Eng],UgwlVWAiEeZTltV2KiF4AaABAg.9Io0JSMjBL99IoLSzsrhAq,@my rosie posie right,lilhonni,0,2021-01-22T08:51:46Z,2021-01-22T08:51:46Z
dzLr_HNbpu4,ITZY - 'DALLA DALLA' [ENGLISH VERSION] Lyrics [Color Coded_Eng],UgwlVWAiEeZTltV2KiF4AaABAg.9Io0JSMjBL99IoLjl-0Wqs,@lilhonni thank you,my rosie posie,1,2021-01-22T08:54:12Z,2021-01-22T08:54:12Z
dzLr_HNbpu4,ITZY - 'DALLA DALLA' [ENGLISH VERSION] Lyrics [Color Coded_Eng],UgwlVWAiEeZTltV2KiF4AaABAg.9Io0JSMjBL99IoqLrI5-O9,@my rosie posie it doesn‚Äôt mean ‚Äòright‚Äô I think op just said that Vaud they were agreeing you with,17‚Äôs Diamond Life,9,2021-01-22T13:30:25Z,2021-01-22T13:30:25Z
dzLr_HNbpu4,ITZY - 'DALLA DALLA' [ENGLISH VERSION] Lyrics [Color Coded_Eng],UgwrrUpbTBVejEoLkIZ4AaABAg.9Io32gy9kJ89Io6m8h24Nt,Lmao ü§£ü§£,Zee,23,2021-01-22T06:43:27Z,2021-01-22T06:43:27Z
dzLr_HNbpu4,ITZY - 'DALLA DALLA' [ENGLISH VERSION] Lyrics [Color Coded_Eng],UgwrrUpbTBVejEoLkIZ4AaABAg.9Io32gy9kJ89Io9sJuxG1H,"Well, it is not really necessary for a prince charming to become their great pair",Rain Me,113,2021-01-22T07:10:30Z,2021-01-22T07:10:30Z
dzLr_HNbpu4,ITZY - 'DALLA DALLA' [ENGLISH VERSION] Lyrics [Color Coded_Eng],UgwrrUpbTBVejEoLkIZ4AaABAg.9Io32gy9kJ89IoA0JwOkVr,"@Rain Me ""ain't got no time for love"".",gabiecv,24,2021-01-22T07:11:44Z,2021-01-22T07:11:44Z
dzLr_HNbpu4,ITZY - 'DALLA DALLA' [ENGLISH VERSION] Lyrics [Color Coded_Eng],UgwrrUpbTBVejEoLkIZ4AaABAg.9Io32gy9kJ89IoAasfsasN,@gabiecv growth.,sde w,26,2021-01-22T07:16:52Z,2021-01-22T07:16:52Z
dzLr_HNbpu4,ITZY - 'DALLA DALLA' [ENGLISH VERSION] Lyrics [Color Coded_Eng],UgwrrUpbTBVejEoLkIZ4AaABAg.9Io32gy9kJ89IoB2zRQ7s-,@sde w this.,Rain Me,4,2021-01-22T07:20:50Z,2021-01-22T07:20:50Z
dzLr_HNbpu4,ITZY - 'DALLA DALLA' [ENGLISH VERSION] Lyrics [Color Coded_Eng],UgyZvfRMiXmWuCxEbBp4AaABAg.9Inz_7kCfQj9Io-_Gasrb_,Same,chaekun,29,2021-01-22T05:40:31Z,2021-01-22T05:40:31Z
dzLr_HNbpu4,ITZY - 'DALLA DALLA' [ENGLISH VERSION] Lyrics [Color Coded_Eng],UgyZvfRMiXmWuCxEbBp4AaABAg.9Inz_7kCfQj9Io0gTrdLhx,It's makes me feel better of myself,Alecia,93,2021-01-22T05:50:15Z,2021-01-22T05:50:15Z
dzLr_HNbpu4,ITZY - 'DALLA DALLA' [ENGLISH VERSION] Lyrics [Color Coded_Eng],UgyZvfRMiXmWuCxEbBp4AaABAg.9Inz_7kCfQj9Io21TKJWkV,Dalla Dalla English Raps slay the most out of Itzy title track eng ver. and that the fact~ üòå,Si_ Multifandom _ch_,45,2021-01-22T06:01:59Z,2021-01-22T06:01:59Z
dzLr_HNbpu4,ITZY - 'DALLA DALLA' [ENGLISH VERSION] Lyrics [Color Coded_Eng],UgyZvfRMiXmWuCxEbBp4AaABAg.9Inz_7kCfQj9Io653D2ia-,"Ikr, I'm grateful that they didn't change some words",BOO-MBASTIC SIDE EYE,14,2021-01-22T06:37:26Z,2021-01-22T06:37:26Z
dzLr_HNbpu4,ITZY - 'DALLA DALLA' [ENGLISH VERSION] Lyrics [Color Coded_Eng],UgzDiAUxfCImPzrhMNJ4AaABAg.9Io0mRWMd6T9Io1xEGBi5I,Oh yesss I literally tripped...our queen chaeryoungggüòÜü§ßü§ßüíõüòå,Dharshini V E,46,2021-01-22T06:01:16Z,2021-01-22T06:01:16Z
dzLr_HNbpu4,ITZY - 'DALLA DALLA' [ENGLISH VERSION] Lyrics [Color Coded_Eng],UgzDiAUxfCImPzrhMNJ4AaABAg.9Io0mRWMd6T9Io_seIvKQI,I LOVE IT GURL,Chaeyoung is oPpAr,1,2021-01-22T11:06:29Z,2021-01-22T11:06:29Z
dzLr_HNbpu4,ITZY - 'DALLA DALLA' [ENGLISH VERSION] Lyrics [Color Coded_Eng],UgzDiAUxfCImPzrhMNJ4AaABAg.9Io0mRWMd6T9IopRJEt6lb,YES!!!!!!!!!!,SarahGamer2109,2,2021-01-22T13:22:25Z,2021-01-22T13:22:25Z
dzLr_HNbpu4,ITZY - 'DALLA DALLA' [ENGLISH VERSION] Lyrics [Color Coded_Eng],UgzDiAUxfCImPzrhMNJ4AaABAg.9Io0mRWMd6T9IozWO0qpfc,PERIODDDD,Jessica Brown,1,2021-01-22T14:50:30Z,2021-01-22T14:50:30Z
dzLr_HNbpu4,ITZY - 'DALLA DALLA' [ENGLISH VERSION] Lyrics [Color Coded_Eng],UgxiWuDIAB0MUWjbHE14AaABAg.9IoEjkz4uIT9Km31_tGs7l,It's already 1 months ago but you have no reply... Lemme put this comment as your first reply,You Sus,7,2021-03-12T04:35:03Z,2021-03-12T04:35:03Z
dzLr_HNbpu4,ITZY - 'DALLA DALLA' [ENGLISH VERSION] Lyrics [Color Coded_Eng],UgxiWuDIAB0MUWjbHE14AaABAg.9IoEjkz4uIT9LAVt55sPqd,@You Sus Make it 2,sebq_stjen8427,5,2021-03-22T01:48:10Z,2021-03-22T01:48:10Z
dzLr_HNbpu4,ITZY - 'DALLA DALLA' [ENGLISH VERSION] Lyrics [Color Coded_Eng],UgxiWuDIAB0MUWjbHE14AaABAg.9IoEjkz4uIT9L_0cTsTpqX,@sebq_stjen8427 make 3!!,Meloetta ‚ô™,5,2021-03-31T23:35:16Z,2021-03-31T23:35:16Z
dzLr_HNbpu4,ITZY - 'DALLA DALLA' [ENGLISH VERSION] Lyrics [Color Coded_Eng],UgxiWuDIAB0MUWjbHE14AaABAg.9IoEjkz4uIT9LqBh9VL297,@Meloetta ‚ô™ make it 4 üòé,hibiscus ‚òÜ,5,2021-04-07T15:39:07Z,2021-04-07T15:39:28Z
dzLr_HNbpu4,ITZY - 'DALLA DALLA' [ENGLISH VERSION] Lyrics [Color Coded_Eng],UgxiWuDIAB0MUWjbHE14AaABAg.9IoEjkz4uIT9NLx1nfPS-j,Ayy now its 6,‚Ä¢¬∑Kyonata¬∑‚Ä¢,3,2021-05-15T05:28:36Z,2021-05-15T05:28:36Z
dzLr_HNbpu4,ITZY - 'DALLA DALLA' [ENGLISH VERSION] Lyrics [Color Coded_Eng],Ugz00dqLX9L5BS5r3ft4AaABAg.9Io-eeEZbHc9Io1_vf9dus,@christ helper this isn't even a Christian video tf,hibiscus ‚òÜ,22,2021-01-22T05:58:05Z,2021-01-22T05:58:05Z
dzLr_HNbpu4,ITZY - 'DALLA DALLA' [ENGLISH VERSION] Lyrics [Color Coded_Eng],Ugz00dqLX9L5BS5r3ft4AaABAg.9Io-eeEZbHc9Io2KSSwzaw,"@hibiscus ‚òÜ sorry, i‚Äôm trying to help..if you give God a chance i promise you, it‚Äôs life changingüíïif you don‚Äôt have a physical bible at your home. there‚Äôs a lot of free apps out there, pray.com & the Bible app are my favorites .",christ helper,1,2021-01-22T06:04:35Z,2021-01-22T06:04:35Z
dzLr_HNbpu4,ITZY - 'DALLA DALLA' [ENGLISH VERSION] Lyrics [Color Coded_Eng],Ugz00dqLX9L5BS5r3ft4AaABAg.9Io-eeEZbHc9Io39fOObpb,"@Anjali no offense, i wasn‚Äôt trying to imply that all midzys were Christian at all, i know it isn‚Äôt the only religion but it is the *right* one. i jus feel that i should share it w everyone..",christ helper,2,2021-01-22T06:11:51Z,2021-01-22T06:11:51Z
dzLr_HNbpu4,ITZY - 'DALLA DALLA' [ENGLISH VERSION] Lyrics [Color Coded_Eng],Ugz00dqLX9L5BS5r3ft4AaABAg.9Io-eeEZbHc9IoNwDHne1U,"@christ helper it feels like you are forcing your religion on me. Also ypu can say this religion is right, every religion is valid. There is no ""right"" religion.",shinigami7,13,2021-01-22T09:13:22Z,2021-01-22T09:13:22Z
dzLr_HNbpu4,ITZY - 'DALLA DALLA' [ENGLISH VERSION] Lyrics [Color Coded_Eng],UgzLEVfIwPfrBg21agF4AaABAg.9Io0cl-0L_A9IoJcB7hZhI,"Imagine if they change the damn to f 
It will be culture reset",deka d,261,2021-01-22T08:35:41Z,2021-01-22T08:35:52Z
dzLr_HNbpu4,ITZY - 'DALLA DALLA' [ENGLISH VERSION] Lyrics [Color Coded_Eng],UgzLEVfIwPfrBg21agF4AaABAg.9Io0cl-0L_A9Io_RSOgWpW,ooF,Chaeyoung is oPpAr,9,2021-01-22T11:02:38Z,2021-01-22T11:02:38Z
dzLr_HNbpu4,ITZY - 'DALLA DALLA' [ENGLISH VERSION] Lyrics [Color Coded_Eng],UgzLEVfIwPfrBg21agF4AaABAg.9Io0cl-0L_A9IoeAMqL_Y8,as she should,Mar,12,2021-01-22T11:43:59Z,2021-01-22T11:43:59Z
dzLr_HNbpu4,ITZY - 'DALLA DALLA' [ENGLISH VERSION] Lyrics [Color Coded_Eng],UgzLEVfIwPfrBg21agF4AaABAg.9Io0cl-0L_A9Ios56su4fy,@deka d nah its better without swear word üòó‚úåÔ∏è She still sound badass af,*I will hit you with BLACKPINK's lightstick*,63,2021-01-22T13:45:36Z,2021-01-22T13:45:36Z
dzLr_HNbpu4,ITZY - 'DALLA DALLA' [ENGLISH VERSION] Lyrics [Color Coded_Eng],UgzLEVfIwPfrBg21agF4AaABAg.9Io0cl-0L_A9Ip6q_kbBF0,"they had every opportunity to say ""don't give a what""",Jian Sei,80,2021-01-22T16:03:18Z,2021-01-22T16:03:18Z
dzLr_HNbpu4,ITZY - 'DALLA DALLA' [ENGLISH VERSION] Lyrics [Color Coded_Eng],UgzU2vvxpNaPi-g9REN4AaABAg.9IoDCIrwiWB9Iq1AulqTfg,That part is one of the highlights of the English version.,ÏòÅÏõêÌïú ü´Ä,8,2021-01-23T00:33:01Z,2021-01-23T00:33:01Z
dzLr_HNbpu4,ITZY - 'DALLA DALLA' [ENGLISH VERSION] Lyrics [Color Coded_Eng],UgzU2vvxpNaPi-g9REN4AaABAg.9IoDCIrwiWB9IwLPPhEzpw,Chaeryeong is too busy Carpe DM-ing all day seeing as so many people are blowing up her inbox after hearing this line,Madness Quotient,5,2021-01-25T11:25:12Z,2021-01-25T11:25:12Z
dzLr_HNbpu4,ITZY - 'DALLA DALLA' [ENGLISH VERSION] Lyrics [Color Coded_Eng],Ugze4SSJZmOrCxgUoDl4AaABAg.9InzeqUHUPK9Io0WjUt54C,Same. They make me feel confident  of myself,Alecia,19,2021-01-22T05:48:47Z,2021-01-22T05:48:47Z
dzLr_HNbpu4,ITZY - 'DALLA DALLA' [ENGLISH VERSION] Lyrics [Color Coded_Eng],Ugze4SSJZmOrCxgUoDl4AaABAg.9InzeqUHUPK9Io0uJhqdiN,Nice name lol. You are part of my bias.,MrLeroy42,4,2021-01-22T05:52:08Z,2021-01-22T05:52:08Z
dzLr_HNbpu4,ITZY - 'DALLA DALLA' [ENGLISH VERSION] Lyrics [Color Coded_Eng],Ugze4SSJZmOrCxgUoDl4AaABAg.9InzeqUHUPK9Io3XvkqNra,@MrLeroy42 yeah i'm top 1 worldwide shoulder,catch Ryujin's right shoulder if you can haha,3,2021-01-22T06:15:09Z,2021-01-22T06:15:09Z
dzLr_HNbpu4,ITZY - 'DALLA DALLA' [ENGLISH VERSION] Lyrics [Color Coded_Eng],Ugze4SSJZmOrCxgUoDl4AaABAg.9InzeqUHUPK9Io4WoYW0zx,@catch Ryujin's right shoulder if you can haha Heck yeah you are. Don‚Äôt doubt it.,MrLeroy42,1,2021-01-22T06:23:45Z,2021-01-22T06:23:45Z
dzLr_HNbpu4,ITZY - 'DALLA DALLA' [ENGLISH VERSION] Lyrics [Color Coded_Eng],Ugze4SSJZmOrCxgUoDl4AaABAg.9InzeqUHUPK9IoCijxiB_7,I FOUND U AGAIN üëÅüëÑüëÅ,cabbage,1,2021-01-22T07:35:25Z,2021-01-22T07:35:25Z
dzLr_HNbpu4,ITZY - 'DALLA DALLA' [ENGLISH VERSION] Lyrics [Color Coded_Eng],UgyDKSrwXKL-F0nBBip4AaABAg.9Io-ZslWmcE9Io-vq8NuJ3,very trueeee,Seaton Stoffels,8,2021-01-22T05:43:36Z,2021-01-22T05:43:36Z
dzLr_HNbpu4,ITZY - 'DALLA DALLA' [ENGLISH VERSION] Lyrics [Color Coded_Eng],UgyDKSrwXKL-F0nBBip4AaABAg.9Io-ZslWmcE9Io2PVPtKzs,wannabe,rhenz,40,2021-01-22T06:05:16Z,2021-01-22T06:05:16Z
dzLr_HNbpu4,ITZY - 'DALLA DALLA' [ENGLISH VERSION] Lyrics [Color Coded_Eng],UgyDKSrwXKL-F0nBBip4AaABAg.9Io-ZslWmcE9Io2oQpoqVq,and wannabe too,S,31,2021-01-22T06:08:49Z,2021-01-22T06:08:49Z
dzLr_HNbpu4,ITZY - 'DALLA DALLA' [ENGLISH VERSION] Lyrics [Color Coded_Eng],UgyDKSrwXKL-F0nBBip4AaABAg.9Io-ZslWmcE9Io3AFy4LoO,Icy is amazing too üòç,Flower,22,2021-01-22T06:11:56Z,2021-01-22T06:11:56Z
dzLr_HNbpu4,ITZY - 'DALLA DALLA' [ENGLISH VERSION] Lyrics [Color Coded_Eng],UgyDKSrwXKL-F0nBBip4AaABAg.9Io-ZslWmcE9IompR1yokI,"ICY was surprisingly so smooth though! Personally, my favorite English version.",ppjskh,18,2021-01-22T12:59:38Z,2021-01-22T12:59:38Z
dzLr_HNbpu4,ITZY - 'DALLA DALLA' [ENGLISH VERSION] Lyrics [Color Coded_Eng],Ugw9yKw29mkiwiOzetN4AaABAg.9Io1d0OuMW89IomDUmu1Xo,"Everyone being gangster until Yeji say ""I don't give a damn"" üò≥",*I will hit you with BLACKPINK's lightstick*,53,2021-01-22T12:54:19Z,2021-01-22T12:54:19Z
dzLr_HNbpu4,ITZY - 'DALLA DALLA' [ENGLISH VERSION] Lyrics [Color Coded_Eng],Ugw9yKw29mkiwiOzetN4AaABAg.9Io1d0OuMW89IozpO5cd37,Honestly made my day,HobGoblin Ninja,4,2021-01-22T14:53:14Z,2021-01-22T14:53:14Z
dzLr_HNbpu4,ITZY - 'DALLA DALLA' [ENGLISH VERSION] Lyrics [Color Coded_Eng],Ugw9yKw29mkiwiOzetN4AaABAg.9Io1d0OuMW89Ip2P9Wdab8,You deserve more likes honestly,L,4,2021-01-22T15:24:28Z,2021-01-22T15:24:28Z
dzLr_HNbpu4,ITZY - 'DALLA DALLA' [ENGLISH VERSION] Lyrics [Color Coded_Eng],Ugw9yKw29mkiwiOzetN4AaABAg.9Io1d0OuMW89Ip70f6phRF,She answered their Don't Give A What song üíÄ.,Juelle Roach,7,2021-01-22T16:04:49Z,2021-01-22T16:04:49Z
dzLr_HNbpu4,ITZY - 'DALLA DALLA' [ENGLISH VERSION] Lyrics [Color Coded_Eng],Ugw9yKw29mkiwiOzetN4AaABAg.9Io1d0OuMW89Ip_-W_aaIG,@Juelle Roach I thought about this too,–ù—É—Ä–∞–π –ù–∏—è–∑–±–µ–∫–æ–≤–∞,4,2021-01-22T20:18:03Z,2021-01-22T20:18:03Z
dzLr_HNbpu4,ITZY - 'DALLA DALLA' [ENGLISH VERSION] Lyrics [Color Coded_Eng],UgwKNEm6S4aMHgAFGsl4AaABAg.9IqjbULfl8g9JSRsrTKlaF,@my gender dysphoria,Olivia Kreulen,0,2021-02-07T07:56:44Z,2021-02-07T07:56:44Z
dzLr_HNbpu4,ITZY - 'DALLA DALLA' [ENGLISH VERSION] Lyrics [Color Coded_Eng],UgzIqW3RpeA6zhlMpId4AaABAg.9Io3nwAp0wt9Iq7jtTVRdf,I love their self love concept,Golden_woo,2,2021-01-23T01:30:22Z,2021-01-23T01:30:22Z
dzLr_HNbpu4,ITZY - 'DALLA DALLA' [ENGLISH VERSION] Lyrics [Color Coded_Eng],UgzcQDAKz22N6b8Qg_J4AaABAg.9Io4-Yo8u949IrgsoX4Z2A,Hey it's meüòëüòëüòëüòÅüòÅüòÅüòÄüòÄ,Aman Sajjad,1,2021-01-23T16:05:23Z,2021-01-23T16:05:23Z
dzLr_HNbpu4,ITZY - 'DALLA DALLA' [ENGLISH VERSION] Lyrics [Color Coded_Eng],Ugx_2hU9Gn8aAIlKgrp4AaABAg.9InzkAGx5P29Io-r1Jlctf,üíñ,Miyeon is a queen,2,2021-01-22T05:42:57Z,2021-01-22T05:42:57Z
dzLr_HNbpu4,ITZY - 'DALLA DALLA' [ENGLISH VERSION] Lyrics [Color Coded_Eng],Ugx_2hU9Gn8aAIlKgrp4AaABAg.9InzkAGx5P29Io0ES4yYf0,likewise!! <3,Sy Basty,2,2021-01-22T05:46:17Z,2021-01-22T05:46:17Z
dzLr_HNbpu4,ITZY - 'DALLA DALLA' [ENGLISH VERSION] Lyrics [Color Coded_Eng],Ugx_2hU9Gn8aAIlKgrp4AaABAg.9InzkAGx5P29Io1oDyMAIa,"Omggg if you really mean it thankyouuu..have a good day,same goes to you tooü§ßüòåüíõ",Dharshini V E,4,2021-01-22T06:00:02Z,2021-01-22T06:00:02Z
dzLr_HNbpu4,ITZY - 'DALLA DALLA' [ENGLISH VERSION] Lyrics [Color Coded_Eng],Ugx_2hU9Gn8aAIlKgrp4AaABAg.9InzkAGx5P29Io2GKUxAJh,@Dharshini V E thank you so much ‚ù§Ô∏è,Halyna Hirna,2,2021-01-22T06:04:01Z,2021-01-22T06:04:01Z
dzLr_HNbpu4,ITZY - 'DALLA DALLA' [ENGLISH VERSION] Lyrics [Color Coded_Eng],UgyMzNQqhRNl_4Iuqzx4AaABAg.9Iuxn31SKpm9IvKzACU4UQ,Yeah along with red velvet and g idle,‚Ä¢dokiberi‚Ä¢,0,2021-01-25T02:02:15Z,2021-01-25T02:02:15Z
dzLr_HNbpu4,ITZY - 'DALLA DALLA' [ENGLISH VERSION] Lyrics [Color Coded_Eng],UgyrosLp3S3ghRmpDW94AaABAg.9IrJazC2N9w9IrP1JE6zj5,"I know right?
Her English accent is soo good
Even Rose's Australian accent too(blackpink)
They are both my bias....",·¥ç è ü…™…¥·¥ã,2,2021-01-23T13:20:40Z,2021-01-23T13:20:40Z
dzLr_HNbpu4,ITZY - 'DALLA DALLA' [ENGLISH VERSION] Lyrics [Color Coded_Eng],UgzMKE9K7ewohDmaYu54AaABAg.9IottaW7vl49ceV3Zo1YJG,"im a little different, different different",lacrossegoalie28,0,2022-06-24T12:02:33Z,2022-06-24T12:02:33Z
dzLr_HNbpu4,ITZY - 'DALLA DALLA' [ENGLISH VERSION] Lyrics [Color Coded_Eng],UgwhFZvG9MXcP8CZ_T14AaABAg.9KRqoEK3q7c9axqrg_67op,"1 year ago, And no replies? Well make that one",yerchive,0,2022-05-13T07:24:33Z,2022-05-13T07:24:41Z
dzLr_HNbpu4,ITZY - 'DALLA DALLA' [ENGLISH VERSION] Lyrics [Color Coded_Eng],UgwhFZvG9MXcP8CZ_T14AaABAg.9KRqoEK3q7c9iY1Ykh6ls4,"1 year ago, one reply? Well make that two",chaerrieblossom,0,2022-11-17T17:38:21Z,2022-11-17T17:38:21Z
dzLr_HNbpu4,ITZY - 'DALLA DALLA' [ENGLISH VERSION] Lyrics [Color Coded_Eng],UgwhFZvG9MXcP8CZ_T14AaABAg.9KRqoEK3q7c9jQeAC3EtXQ,"1 year go,two replies?Well make that tree",Moriom Bagam,0,2022-12-09T17:21:59Z,2022-12-09T17:22:46Z
dzLr_HNbpu4,ITZY - 'DALLA DALLA' [ENGLISH VERSION] Lyrics [Color Coded_Eng],UgxIIxYd9up6BhbPFQp4AaABAg.9Io3Gslz1fY9IoQ2XCoeUu,@jusariana Yea They Are,Xx_MaximumLightning2023_xX,0,2021-01-22T09:31:51Z,2021-01-22T09:31:51Z
dzLr_HNbpu4,ITZY - 'DALLA DALLA' [ENGLISH VERSION] Lyrics [Color Coded_Eng],UgxIIxYd9up6BhbPFQp4AaABAg.9Io3Gslz1fY9IokNkPWCoQ,it isn‚Äôt a swear,i love leon,24,2021-01-22T12:38:15Z,2021-01-22T12:38:15Z
dzLr_HNbpu4,ITZY - 'DALLA DALLA' [ENGLISH VERSION] Lyrics [Color Coded_Eng],UgxIIxYd9up6BhbPFQp4AaABAg.9Io3Gslz1fY9IokqvWT0M_,"@i love leon it is tho ..? Did she not say ""damn"" ?",Ïù¥ÏãúÏú§/Logan,10,2021-01-22T12:42:22Z,2021-01-22T12:42:22Z
dzLr_HNbpu4,ITZY - 'DALLA DALLA' [ENGLISH VERSION] Lyrics [Color Coded_Eng],UgxIIxYd9up6BhbPFQp4AaABAg.9Io3Gslz1fY9Ip7B1izmdW,@Ïù¥ÏãúÏú§/Logan I guess it depends on the person. The word damn hasn't been agreed if it's either a curse word or not so ü§∑üèΩ‚Äç‚ôÄÔ∏è.,Juelle Roach,20,2021-01-22T16:06:14Z,2021-01-22T16:06:14Z
